ax,ay,az,gx,gy,gz
0.2270508,0.9709473,-0.1618652,-0.1068702,0.1832061,-0.05343511
0.1967773,0.9450684,-0.1931152,0.6412213,-0.1068702,-0.6030535
0.2106934,0.9519043,-0.215332,3.259542,1.473282,-0.610687
0.2111816,0.9719238,-0.1564941,-0.9465649,-0.5267176,0.6030535
0.2314453,0.9628906,-0.1518555,-2.145038,-1.145038,-0.2366412
0.2121582,0.9714355,-0.1279297,-0.7557252,-1.305344,0.1679389
0.2304688,0.9770508,-0.1276855,0.7862596,-0.2671756,-0.09160305
0.2080078,0.9570313,-0.1484375,0.8244275,-0.259542,-0.7251908
0.2131348,0.9570313,-0.1447754,-0.8778625,0.2748091,0.03816794
0.2207031,0.9609375,-0.1564941,-2.473282,-0.8244275,0.07633588
0.2194824,0.9711914,-0.1281738,1.610687,-0.4885496,-0.3587786
0.204834,1.01001,-0.1213379,-0.5419847,-1.610687,0.2366412
0.2041016,0.956543,-0.1467285,-3.755725,-1.618321,-0.3969466
0.2287598,0.9567871,-0.1242676,1.312977,0.03816794,-0.4732824
0.2006836,0.9477539,-0.1489258,0.2290076,-0.4274809,-0.4274809
0.2231445,0.9333496,-0.1733398,-2.656489,-0.05343511,-0.4961832
0.2319336,0.973877,-0.1525879,-0.4351145,-1.221374,-0.4961832
0.2141113,0.9880371,-0.1333008,-2.282443,-1.022901,0.4427481
0.2319336,0.9819336,-0.1254883,-1.358779,-0.5343512,0.5954198
0.2282715,0.9526367,-0.1376953,-2.740458,-0.7251908,0.06870229
0.2250977,0.963623,-0.1293945,-0.832061,-1.541985,-0.740458
0.222168,0.9611816,-0.1474609,1.557252,-0.05343511,-0.832061
0.2124023,0.9589844,-0.1416016,2.183206,0.1603053,-0.6564885
0.2111816,0.973877,-0.1491699,4.274809,0.480916,0.3816794
0.2045898,0.9589844,-0.1467285,-0.03816794,0.7328244,0.2824428
0.2102051,0.9677734,-0.1420898,-3.053435,-0.6335878,0.648855
0.2351074,0.9682617,-0.1240234,-2.007634,-1.21374,-0.06870229
0.2172852,0.9470215,-0.128418,-1.19084,0.2748091,-0.4580153
0.2304688,0.9584961,-0.1333008,-0.01526718,-0.610687,-0.5267176
0.2192383,0.9746094,-0.1374512,2.083969,-0.5267176,-0.2977099
0.2124023,0.9621582,-0.1477051,-0.1374046,-0.3740458,-0.5038168
0.2138672,0.9604492,-0.1623535,-0.480916,-0.5114504,-0.129771
0.2133789,0.973877,-0.1394043,-0.5267176,-0.7557252,-0.09923664
0.2202148,0.963623,-0.1325684,-1.442748,-0.4198473,-0.09923664
0.2138672,0.9599609,-0.1328125,-1.091603,-0.1450382,-0.07633588
0.2185059,0.9602051,-0.1328125,-0.0610687,-0.5419847,-0.0610687
0.2104492,0.9616699,-0.1381836,-0.7480916,-0.5038168,-0.3358779
0.2211914,0.9619141,-0.1411133,-0.9083969,-0.6259542,-0.2671756
0.2231445,0.9606934,-0.1518555,-0.2900764,-0.7557252,-0.4274809
0.206543,0.9597168,-0.1367188,-0.7251908,-0.648855,0.01526718
0.2131348,0.9570313,-0.1479492,-1.053435,-0.2824428,0.0610687
 --- , --- , --- , --- , --- , --- 
0.1420898,0.9033203,0.295166,32.62595,250.1298,-32.32061
0.1228027,1.062988,0.04418945,54.1832,250.1298,-20.22137
1.783691,0.7924805,-0.2858887,41.99237,28.91603,-65.1832
-0.5664063,1.22583,0.3149414,16.06107,19.1145,-45.19847
-0.1721191,0.8945313,-0.06445313,-4.984733,34.42748,23.64886
-0.01293945,0.8737793,-0.3034668,10.05344,63.82443,-11.48855
-0.007568359,1.163818,-0.01074219,8.488549,57.77099,3.961832
0.05151367,1.148926,-0.02807617,41.80916,71.8855,-11.87786
0.166748,0.9702148,-0.1972656,33.89313,25.51908,7.267176
0.1547852,0.9313965,-0.1850586,-16.09924,-23.61832,9.206107
0.0859375,1.060303,-0.06835938,-1.366412,-5.312977,20.54962
0.1777344,0.9301758,-0.2810059,4.824428,2.503817,18.36641
0.1765137,0.9436035,-0.2399902,-11.92366,1.465649,26.07634
0.2370605,0.9997559,-0.1491699,-4.450382,0.7480916,23.94657
0.2165527,0.9404297,-0.1660156,2.038168,6.053435,17.98473
0.253418,0.9282227,-0.1264648,-1.015267,7.992366,14.71756
0.3398438,0.9631348,-0.119873,-4.38168,4.114504,7.717557
0.3830566,0.9648438,-0.1208496,-5.259542,1.076336,-0.1679389
0.3669434,0.8925781,-0.1442871,-13.98473,-2.992366,-6.656488
0.2749023,1.009521,-0.06030273,-1.625954,3.992366,-8.893129
0.1970215,0.9499512,-0.08374023,0.4122138,3.80916,-7.145038
0.1601563,0.9621582,-0.1096191,1.59542,-0.1068702,-6.541985
0.1496582,0.9760742,-0.1137695,3.442748,-2.129771,-2.152672
0.159668,0.9729004,-0.1188965,2.419847,-2.900763,0.8015267
0.1955566,0.9731445,-0.1582031,3.801527,-1.908397,1.290076
0.2053223,0.9572754,-0.1760254,4.473282,-0.5267176,0.4961832
0.1875,0.9770508,-0.1120605,-1.923664,1.145038,1.427481
0.1975098,0.9624023,-0.1132813,-1.687023,1.145038,2.305344
0.2165527,0.958252,-0.1191406,-0.778626,0.7633588,2.389313
0.2282715,0.9848633,-0.1159668,4.770992,1.305344,1.59542
0.2416992,0.9406738,-0.1472168,-0.6717557,-0.5954198,-0.4045802
0.2412109,0.9621582,-0.1479492,0.8244275,-1.366412,-1.633588
0.2077637,0.9916992,-0.114502,0.4732824,-1.816794,-1.465649
0.192627,0.9526367,-0.145752,-0.6946565,-1.129771,0.4885496
0.1755371,0.958252,-0.1538086,-0.3129771,0.832061,0.4580153
0.2019043,0.9741211,-0.1398926,-0.2748091,0.2748091,1.854962
0.2219238,0.9675293,-0.1450195,-0.4580153,-0.1450382,0.6870229
0.2121582,0.9450684,-0.1552734,-2.412214,-0.007633588,1.007634
0.2258301,0.9611816,-0.1308594,0.4656488,0.3969466,-0.5496183
0.2180176,0.9614258,-0.1237793,0.351145,-0.351145,-0.8167939
0.206543,0.972168,-0.1035156,-2.648855,-1.885496,-0.8549618
0.2224121,0.9616699,-0.1408691,-2.969466,-2.305344,-0.1984733
 --- , --- , --- , --- , --- , --- 
-0.01733398,1.13501,0.08374023,47.69466,250.1298,-16.03817
1.302002,1.020752,-0.5031738,57.57252,112.855,-49.9313
-0.1525879,1.135986,0.1584473,-6.343512,32.64122,-21.03053
-0.03710938,1.018311,-0.2382813,8.175572,26.92366,-9.732824
-0.01025391,1.050781,-0.1237793,13.50382,39.91603,-7.839694
-0.04418945,1.052979,-0.06225586,4.076336,26.40458,0.8473283
0.01049805,1.196289,-0.2138672,-41.52672,-2.244275,-4.351145
0.1506348,1.087402,-0.07397461,20.93893,1.541985,18.51908
0.1481934,0.9362793,-0.1157227,5.709924,-8.984733,25.80153
0.1262207,0.9611816,-0.2353516,-10.54198,-8.244275,28.40458
0.1547852,0.9731445,-0.2648926,6.129771,5.221374,30.69466
0.1560059,0.9206543,-0.2370605,-6.244275,1.992366,27.14504
0.2407227,0.9760742,-0.189209,-6.755725,8.580153,22.45038
0.3112793,0.956543,-0.1726074,-7.572519,9.893129,11.9542
0.3908691,0.9577637,-0.1274414,-7.519084,11.00763,1.152672
0.4023438,0.9677734,-0.07958984,-3.29771,5.480916,-5.412214
0.3239746,0.9311523,-0.08227539,-8.328244,1.969466,-6.160306
0.246582,0.9526367,-0.0546875,-7.206107,-1.427481,-6.91603
0.1923828,0.9772949,-0.05224609,-2.419847,-3.984733,-6.167939
0.142334,0.9677734,-0.07714844,-0.6183206,-5.938931,-2.40458
0.1342773,0.984375,-0.06054688,1.961832,-4.664122,-0.9389313
0.2026367,0.9753418,0.004638672,-8.305344,-17.85496,8.80916
0.2336426,0.9243164,-0.1496582,6.938931,-3.282443,-3.877863
0.2612305,0.9711914,-0.1589355,7.679389,-2.29771,-4.938931
0.2426758,0.9572754,-0.1760254,7.473282,3.770992,-5.282443
0.1882324,0.9645996,-0.1977539,3.793893,-1.923664,-3.480916
0.1652832,0.9619141,-0.1921387,-2.870229,-1.152672,-1.40458
0.1569824,0.9689941,-0.171875,-3.053435,0.5572519,0.9694656
0.1635742,0.9584961,-0.145752,-3.465649,1.801527,2.824427
0.1862793,0.9716797,-0.1186523,-3.251908,0.740458,4.358778
0.1982422,0.96875,-0.1123047,-0.9694656,2.068702,3.641221
0.2172852,0.9504395,-0.1376953,-0.1755725,1.89313,2.618321
0.2431641,0.972168,-0.1086426,-1.549618,-0.8244275,1.946565
0.244873,0.9621582,-0.1289063,-2.778626,-0.3053435,-0.01526718
0.2199707,0.9428711,-0.1240234,-1.740458,-1.793893,-1.114504
0.2058105,0.9621582,-0.1311035,1.229008,-0.610687,0.1755725
0.1945801,0.9709473,-0.145752,-0.5496183,-1.51145,0.870229
0.1972656,0.9606934,-0.1411133,-0.389313,0.2977099,0.832061
0.2060547,0.9519043,-0.140625,-3.0,-0.1068702,0.6793893
0.1977539,0.987793,-0.1210938,-0.9923664,0.7557252,0.6793893
0.2023926,0.954834,-0.1088867,-1.374046,0.5267176,0.09923664
0.2233887,0.9685059,-0.112793,-1.389313,-0.007633588,-0.2061069
0.2265625,0.9648438,-0.1193848,-1.206107,-1.259542,-0.740458
0.2158203,0.9621582,-0.1481934,-0.9465649,-1.496183,-1.175573
0.2006836,0.9602051,-0.1328125,1.335878,-0.3740458,-0.6870229
0.1953125,0.9672852,-0.1386719,-0.8854962,-0.4198473,-0.4732824
0.2036133,0.9658203,-0.1335449,-1.931298,-0.9541985,0.0610687
0.2055664,0.9724121,-0.1350098,-0.03816794,-0.2137404,-0.3587786
0.2141113,0.963623,-0.1452637,-0.6030535,-0.3816794,0.007633588
0.2075195,0.9621582,-0.1345215,-1.038168,-0.05343511,-0.1755725
0.215332,0.9638672,-0.1254883,-0.5419847,-0.7099237,0.07633588
 --- , --- , --- , --- , --- , --- 
0.7143555,0.6032715,-0.2458496,40.52672,250.1298,-106.5496
0.7648926,0.7751465,-0.4394531,0.1679389,11.16794,-40.12214
-0.1044922,1.031006,0.07299805,9.19084,31.22901,9.679389
-0.04736328,1.042969,-0.2148438,4.778626,48.48092,-12.92366
-0.1342773,0.958252,-0.2250977,-3.015267,58.58779,-9.412213
-0.0637207,1.061768,-0.2148438,2.450382,34.64122,-18.71756
0.04467773,1.066406,-0.5849609,37.22137,20.54198,-1.954198
0.07617188,0.9440918,-0.2043457,12.16031,6.923664,19.90076
0.1411133,0.9443359,0.1530762,-13.25954,-26.54962,26.28244
0.1623535,0.8808594,-0.1970215,-0.8549618,-13.9542,29.75573
0.1982422,0.9091797,-0.2416992,0.648855,-7.946565,33.61832
0.119873,0.9599609,-0.2062988,-10.74046,4.198473,29.42748
0.2119141,0.9506836,-0.175293,-4.389313,4.480916,26.35878
0.2263184,0.9121094,-0.1203613,-9.694656,11.9313,18.10687
0.3249512,0.9348145,-0.1352539,-12.01527,11.26718,8.458015
0.3862305,0.9382324,-0.07446289,-7.541985,7.694656,1.709924
0.3918457,0.932373,-0.06201172,-5.80916,2.274809,-3.603053
0.3322754,0.9638672,-0.01513672,-6.70229,-5.900764,-10.16031
0.2568359,0.9777832,-0.04321289,-4.38168,-11.20611,-9.358779
0.1635742,0.9604492,-0.07617188,3.969466,-6.473282,-8.305344
0.1394043,0.9436035,-0.0390625,0.870229,-17.22901,-6.763359
0.1347656,0.9802246,-0.07397461,6.335878,-19.52672,-4.236641
0.1850586,0.96875,-0.1569824,8.419847,-11.54962,-1.351145
0.2021484,0.6435547,-0.1931152,4.70229,-12.49618,-5.519084
0.2116699,1.019287,-0.1481934,6.267176,-7.022901,-1.641221
0.2312012,0.9526367,-0.2099609,5.335878,-3.580153,-1.78626
0.2231445,0.9624023,-0.2290039,-1.832061,-1.366412,-2.717557
0.1799316,0.9572754,-0.2175293,-1.70229,5.694656,2.274809
0.1369629,0.9926758,-0.1787109,-6.053435,5.70229,3.442748
0.1748047,0.973877,-0.1069336,-4.91603,6.244275,6.59542
0.1882324,0.9489746,-0.1015625,-5.267176,1.816794,5.740458
0.2304688,0.9667969,-0.1030273,-2.183206,1.648855,5.145038
0.263916,0.9594727,-0.1157227,-0.6564885,1.80916,1.610687
0.2683105,0.9733887,-0.1008301,-0.2366412,1.885496,0.778626
0.239502,0.9489746,-0.1237793,-0.7480916,4.274809,-0.4503817
0.1965332,0.9396973,-0.1101074,-2.099237,0.2290076,-1.954198
0.1904297,0.982666,-0.1135254,1.916031,1.175573,1.290076
0.1848145,0.951416,-0.1259766,0.1450382,-0.007633588,1.061069
0.2141113,0.9592285,-0.1420898,0.2213741,1.580153,0.4274809
0.2253418,0.956543,-0.1401367,0.9236641,2.51145,-0.3053435
0.2316895,0.9572754,-0.1242676,-1.496183,-0.8244275,-0.9312977
0.2209473,0.9609375,-0.1359863,-1.70229,-0.2671756,-1.206107
0.2050781,0.96875,-0.1203613,-0.7709923,-0.3282443,-1.320611
0.2004395,0.9665527,-0.1191406,-0.8931297,-0.778626,-0.7175572
0.208252,0.9555664,-0.1345215,-0.5114504,-1.358779,0.4503817
0.2138672,0.965332,-0.1315918,-1.374046,-0.9160305,0.4198473
 --- , --- , --- , --- , --- , --- 
0.486084,0.8234863,-0.5927734,42.80153,250.1298,-56.07634
1.021484,0.8752441,-0.453125,-17.66412,50.9313,-70.98473
0.003662109,1.204346,-0.06787109,-15.58015,40.61069,-4.076336
-0.1931152,0.9978027,-0.01904297,-15.75572,52.77863,-13.54198
-0.166748,1.13623,0.003417969,1.908397,6.664122,-9.488549
0.02050781,0.9919434,-0.01269531,19.13741,5.854962,10.74046
-0.03076172,0.9575195,-0.06469727,3.083969,-4.717557,21.44275
0.1286621,1.025391,-0.03540039,0.3587786,-16.12977,26.87023
0.1645508,0.9282227,-0.1774902,1.435114,-23.99237,27.25191
0.1711426,0.9824219,-0.1855469,9.122137,-14.70229,32.80916
0.08935547,1.006104,-0.204834,1.70229,0.8091603,46.34351
0.3071289,0.8898926,-0.197998,0.1832061,2.778626,29.29771
0.2607422,0.9536133,-0.2426758,-3.51145,5.114504,25.55725
0.4318848,0.9213867,-0.2241211,-12.1374,4.61832,10.26718
0.4140625,0.9362793,-0.1520996,-9.412213,6.725191,-2.801527
0.4050293,0.9545898,-0.07666016,-10.77099,1.244275,-9.419847
0.2832031,0.9584961,-0.07373047,-8.549619,3.0,-12.31298
0.2045898,0.9577637,-0.05004883,-5.022901,-0.2671756,-12.1374
0.1308594,0.9699707,-0.04003906,-2.40458,-2.061069,-9.435115
0.1140137,0.9916992,-0.08398438,0.9236641,-4.503817,-3.671756
0.1403809,0.9699707,-0.06713867,4.503817,-5.847328,-0.1374046
0.2570801,0.8186035,-0.2111816,2.167939,-6.068702,0.5496183
0.2216797,0.9799805,-0.1872559,3.541985,-1.541985,-1.908397
0.2272949,0.9482422,-0.2270508,-1.549618,-1.091603,-2.832061
0.192627,0.9528809,-0.239502,-5.709924,1.587786,-1.969466
0.1848145,0.9858398,-0.1589355,-5.847328,2.419847,1.328244
0.1767578,0.9606934,-0.1047363,-8.083969,1.648855,1.618321
0.168457,0.9672852,-0.08496094,-6.10687,3.259542,3.221374
0.184082,0.967041,-0.07836914,-3.0,1.396947,4.473282
0.2106934,0.9577637,-0.09033203,-3.007634,0.3969466,4.091603
0.234375,0.9528809,-0.1230469,0.1221374,1.48855,2.519084
0.2319336,0.9650879,-0.1164551,0.3816794,-0.778626,1.229008
0.2365723,0.9663086,-0.1169434,-0.1450382,-0.7862596,-0.5801527
0.232666,0.9433594,-0.1384277,0.4274809,-0.4351145,-1.10687
0.1987305,0.9694824,-0.1313477,-0.5801527,-0.480916,-0.5572519
0.1992188,0.9665527,-0.1357422,-2.137405,-0.961832,-0.2977099
0.1989746,0.963623,-0.1291504,-0.7099237,-0.7022901,0.1221374
0.1955566,0.9648438,-0.1208496,0.0,0.03053435,0.351145
0.2104492,0.965332,-0.1279297,-0.08396947,-0.5572519,0.3969466
0.2075195,0.9597168,-0.1262207,-0.1984733,-0.2442748,0.4732824
0.2202148,0.9575195,-0.1435547,-0.8549618,-1.053435,0.1450382
0.2072754,0.9606934,-0.135498,-0.5496183,0.3206107,-0.1603053
0.2097168,0.9616699,-0.1262207,-1.59542,-0.778626,-0.1068702
0.2177734,0.9611816,-0.1242676,-1.572519,-0.8778625,-0.351145
0.2080078,0.9716797,-0.1176758,-0.9923664,-0.6183206,-0.4885496
0.2097168,0.9648438,-0.109375,-0.7480916,-0.4198473,-0.04580153
0.2060547,0.9567871,-0.128418,-0.1068702,-0.1755725,0.1603053
0.2041016,0.963623,-0.1311035,0.7175572,-0.9007633,0.4961832
0.2006836,0.9633789,-0.1347656,-0.1984733,-0.1832061,0.480916
 --- , --- , --- , --- , --- , --- 
0.3842773,0.8664551,-0.1052246,49.17557,250.1298,-2.648855
0.4616699,0.9226074,-0.2973633,45.52672,250.1298,-25.48855
1.325195,0.7922363,-0.5710449,39.84733,163.3435,-95.05344
-0.2668457,0.8415527,0.03857422,-2.885496,67.61832,-49.40458
-0.1081543,0.9023438,-0.3037109,-25.07634,29.27481,-16.84733
-0.09277344,1.036621,-0.04931641,-7.38168,7.259542,-21.83969
-0.1630859,1.04834,0.1870117,-41.41221,-13.9313,1.763359
-0.07641602,1.051514,-0.07128906,36.0916,12.77863,8.38168
0.151123,1.013184,0.06030273,1.900763,-13.33588,15.61069
0.1052246,0.9697266,-0.06787109,9.992367,-2.534351,19.19847
0.2004395,0.9663086,-0.1882324,11.85496,-8.984733,20.33588
0.2084961,0.9865723,-0.1804199,6.08397,-2.061069,19.83969
0.2214355,0.9541016,-0.2019043,6.175572,-1.824428,24.67939
0.145752,0.9482422,-0.2607422,-4.770992,1.076336,26.58015
0.234375,0.9396973,-0.253418,-5.366412,4.541985,18.96947
0.2526855,0.9343262,-0.2053223,-10.18321,6.473282,15.1374
0.2885742,0.9492188,-0.1247559,-10.19084,8.664123,6.374046
0.3127441,0.9609375,-0.07421875,-8.687023,5.076336,4.015267
0.2983398,0.9562988,-0.03442383,-4.931298,1.29771,-3.671756
0.2600098,1.004395,0.002441406,0.8778625,-3.343511,-5.526718
0.2009277,0.9470215,-0.0546875,4.030534,-2.480916,-5.900764
0.189209,0.9660645,-0.07763672,5.145038,-6.29771,-4.40458
0.171875,0.9848633,-0.07788086,9.648855,-7.526718,-1.938931
0.2011719,0.9680176,-0.1223145,8.816793,-6.908397,-0.9389313
0.2041016,0.9416504,-0.1806641,5.335878,-4.320611,-0.9312977
0.2194824,0.9675293,-0.1960449,4.221374,-3.519084,-1.564886
0.2177734,0.9616699,-0.2004395,0.2977099,-3.870229,-8.793893
0.2004395,0.9746094,-0.1362305,-2.229008,1.007634,-0.8015267
0.2019043,0.9475098,-0.1821289,-4.366412,-0.870229,-0.5343512
0.1652832,0.96875,-0.1589355,-4.099236,1.793893,1.473282
0.1745605,0.9780273,-0.1037598,-5.374046,0.7862596,2.618321
0.1896973,0.954834,-0.1235352,-6.465649,0.9007633,3.091603
0.1989746,0.973877,-0.1044922,-2.946565,1.824428,3.19084
0.2246094,0.973877,-0.08349609,-1.099237,1.053435,1.977099
0.2299805,0.9367676,-0.1228027,-0.1603053,0.8015267,1.625954
0.230957,0.9699707,-0.105957,1.534351,-0.2442748,0.7862596
0.2265625,0.9602051,-0.1318359,-1.374046,-0.9083969,-0.02290076
0.2111816,0.9638672,-0.1486816,-0.7480916,-1.015267,-0.4427481
0.2001953,0.9780273,-0.1154785,-1.870229,0.1984733,-0.06870229
0.2055664,0.9611816,-0.1345215,-2.10687,-0.3206107,-0.2671756
0.2075195,0.9541016,-0.1437988,0.2442748,-0.9389313,0.09923664
0.2106934,0.9648438,-0.1347656,-0.3435115,-0.8091603,0.0
 --- , --- , --- , --- , --- , --- 
0.7546387,0.8483887,-0.3962402,45.24427,250.1298,-20.81679
1.765625,1.065918,-0.2785645,49.03053,33.50382,-82.10687
0.046875,1.086426,0.03833008,-11.05344,28.48092,-29.9771
-0.1584473,0.9802246,-0.8127441,-10.0229,3.335878,-17.87786
-0.07275391,0.9355469,-0.01831055,-15.81679,3.274809,-15.58015
-0.2841797,0.8806152,0.09863281,-66.43511,7.267176,-6.770992
-0.00390625,1.208984,-0.005615234,19.53435,-3.099237,22.1145
-0.02514648,0.9675293,-0.02929688,-1.061069,-7.59542,19.74809
0.1379395,0.9108887,-0.1713867,-0.2519084,-6.534351,22.52672
0.1977539,1.036377,-0.01098633,11.45038,-8.106871,21.29771
0.2092285,0.9455566,-0.1955566,6.396946,-6.076336,22.65649
0.1945801,0.9665527,-0.293457,6.427481,-0.4961832,25.64886
0.2224121,0.9665527,-0.2680664,-1.374046,1.801527,22.9542
0.1972656,0.9152832,-0.2458496,-7.725191,3.656489,10.35878
0.2924805,0.953125,-0.1499023,-14.77863,6.496183,9.152672
0.2944336,0.9453125,-0.1037598,-8.900764,7.206107,1.412214
0.2888184,0.9562988,-0.06689453,-8.114504,3.961832,-3.083969
0.2873535,0.9614258,0.001953125,-6.977099,1.122137,-4.717557
0.2412109,0.953125,-0.03051758,-0.778626,1.015267,-7.114504
0.2116699,0.980957,-0.05761719,2.625954,-3.40458,-7.007634
0.1782227,0.9685059,-0.07250977,5.679389,-4.801527,-5.89313
0.1726074,0.9692383,-0.08789063,7.961832,-5.534351,-4.412214
0.1601563,0.9768066,-0.1105957,8.137404,-5.427481,-1.839695
0.1875,0.9560547,-0.140625,4.274809,-6.251908,-1.015267
0.1977539,0.9631348,-0.1567383,5.145038,-5.427481,-1.564886
0.223877,0.965332,-0.1791992,4.236641,-2.274809,-2.908397
0.1728516,0.956543,-0.1999512,0.9694656,-0.05343511,-2.236641
0.1750488,0.9658203,-0.2023926,-2.992366,-0.7709923,-0.8854962
0.157959,0.970459,-0.1552734,-5.122138,0.5114504,0.832061
0.1706543,0.9736328,-0.114502,-6.167939,0.1526718,2.091603
0.1721191,0.9682617,-0.1154785,-5.244275,1.114504,3.129771
0.1828613,0.9624023,-0.1118164,-2.816794,1.374046,3.244275
0.2041016,0.9729004,-0.1062012,-1.038168,0.8854962,2.78626
0.2128906,0.963623,-0.1044922,-0.7938931,-0.1374046,1.862595
0.2133789,0.9584961,-0.1218262,-0.3969466,0.2519084,0.7709923
0.2138672,0.963623,-0.1201172,0.3129771,-0.5038168,-0.2519084
0.1987305,0.9602051,-0.1330566,-0.7862596,-1.022901,-0.2137404
0.1921387,0.9609375,-0.1477051,-1.671756,-0.6030535,-0.2137404
0.1933594,0.9699707,-0.1333008,-1.770992,-0.259542,-0.4580153
0.1894531,0.963623,-0.1303711,-1.885496,0.06870229,-0.2213741
0.1916504,0.9648438,-0.112793,-1.099237,-0.3816794,-0.1908397
0.1945801,0.9714355,-0.09912109,0.3358779,-0.1984733,0.02290076
0.201416,0.9660645,-0.1208496,0.8778625,-1.10687,0.09160305
0.1928711,0.9643555,-0.1218262,0.4503817,-1.305344,-0.2137404
0.1931152,0.9665527,-0.1306152,0.2671756,-0.8396947,-0.1984733
 --- , --- , --- , --- , --- , --- 
0.7116699,0.9926758,-0.4536133,41.22137,250.1298,-11.44275
1.213135,0.9101563,-0.6782227,20.08397,178.8473,-57.46565
-0.06103516,0.8200684,-0.253418,-27.10687,51.36641,-62.45802
0.1721191,0.9257813,-0.2019043,-15.60305,-3.030534,-22.96947
-0.1506348,1.157715,0.2121582,-10.09924,-4.763359,-6.832061
-0.2546387,0.9589844,0.08740234,3.59542,9.045801,13.12214
0.03173828,1.068115,0.07885742,14.20611,0.6641222,19.96183
0.1271973,0.9431152,-0.07763672,5.40458,-15.56489,25.22137
0.1621094,0.9055176,-0.08129883,7.114504,-11.03053,24.46565
0.2055664,1.008789,-0.09472656,15.54962,-11.44275,24.91603
0.2341309,0.9460449,-0.3220215,10.45802,-5.045802,27.60305
0.2539063,0.9685059,-0.2907715,5.236641,-1.687023,23.25191
0.2109375,0.9172363,-0.2941895,-5.648855,1.725191,13.90076
0.291748,0.9169922,-0.2841797,-12.16794,2.343511,9.21374
0.3066406,0.9770508,-0.1162109,-11.64886,7.48855,3.923664
0.2961426,0.9638672,-0.08203125,-11.47328,5.717557,-3.625954
0.2509766,0.9619141,-0.002441406,-6.923664,5.29771,-7.435114
0.2226563,0.9658203,-0.0144043,-2.549618,1.564886,-8.511451
0.2062988,0.9858398,-0.007324219,1.221374,-3.282443,-8.854961
0.1750488,0.9570313,-0.05053711,4.740458,-4.389313,-9.78626
0.1921387,0.9589844,-0.175293,8.297709,-6.290076,-5.08397
0.1804199,0.9606934,-0.1965332,6.358778,-2.854962,-5.671756
0.1572266,0.9648438,-0.220459,2.0,-0.5801527,-5.053435
0.1616211,0.9667969,-0.215332,-3.061069,-0.9160305,-4.061069
0.1472168,0.9616699,-0.1782227,-6.480916,0.9236641,-2.40458
0.1442871,0.9748535,-0.1455078,-6.267176,1.396947,-0.2977099
0.1506348,0.9785156,-0.1130371,-6.122138,2.221374,1.343511
0.1572266,0.967041,-0.0949707,-4.229008,2.099237,2.145038
0.1662598,0.9821777,-0.07983398,-2.496183,0.7709923,2.564885
0.1723633,0.9724121,-0.08886719,0.0,0.4274809,2.770992
0.1901855,0.9526367,-0.1030273,1.282443,-0.3358779,2.564885
0.1894531,0.9680176,-0.1245117,1.59542,-0.9465649,1.557252
0.2080078,0.9658203,-0.1374512,0.3664122,-1.305344,0.2671756
0.1994629,0.9570313,-0.1621094,-0.1145038,-0.7557252,-1.145038
0.1887207,0.9812012,-0.1298828,-0.8091603,-0.1450382,-1.48855
0.170166,0.9584961,-0.1420898,-3.496183,-0.5419847,-1.160305
0.1630859,0.9584961,-0.1369629,-2.854962,0.2519084,-0.6717557
0.1708984,0.9797363,-0.1098633,-0.5343512,0.0610687,0.04580153
0.1643066,0.9831543,-0.08642578,-0.007633588,-0.9083969,0.5648855
0.166748,0.9516602,-0.1179199,0.8854962,-0.8931297,0.6183206
0.1865234,0.9790039,-0.130127,3.480916,-1.221374,0.7709923
0.1813965,0.965332,-0.1391602,-1.10687,-1.48855,0.1221374
0.177002,0.9624023,-0.1523438,-0.03053435,-0.02290076,0.01526718
 --- , --- , --- , --- , --- , --- 
0.4204102,0.8300781,-0.3708496,41.0916,250.1298,-10.33588
1.482666,0.8120117,-0.6877441,10.48855,126.0458,-74.59542
0.09985352,1.097656,0.1577148,-33.83969,-2.320611,-55.54198
-0.1796875,0.9025879,0.04272461,-16.76336,-3.10687,-29.17557
-0.2497559,1.211182,0.3005371,-11.67176,-10.96947,-7.984733
-0.357666,0.8864746,0.04150391,-5.656488,6.21374,14.87023
-0.09472656,1.037109,0.01293945,13.0687,2.503817,24.26718
0.07446289,1.014893,0.02319336,9.870229,-17.0916,29.25954
0.192627,0.8669434,-0.1318359,5.015267,-15.23664,26.9313
0.1931152,1.020508,-0.05786133,17.25191,-7.427481,28.1145
0.2614746,0.9743652,-0.2705078,11.58015,-5.641222,30.9084
0.3103027,0.9262695,-0.2687988,5.687023,-4.458015,20.67175
0.2851563,0.9174805,-0.2961426,-2.70229,1.51145,14.59542
0.3474121,0.9284668,-0.2402344,-16.41221,3.59542,5.007634
0.3251953,0.9853516,-0.105957,-9.122137,4.473282,-0.4732824
0.2780762,0.9387207,-0.1218262,-11.47328,7.480916,-5.21374
0.2583008,0.9553223,-0.08227539,-9.259542,6.671756,-9.870229
0.2390137,0.9775391,0.01147461,-4.519084,1.236641,-11.57252
0.2060547,0.9541016,-0.02905273,-2.152672,1.053435,-13.0687
0.2041016,0.9675293,-0.04125977,4.015267,-2.709924,-15.05344
0.201416,0.9780273,-0.01635742,6.740458,-4.10687,-15.40458
0.1818848,0.9521484,-0.09057617,6.694656,-8.732824,-12.48855
0.1337891,0.9836426,-0.08105469,9.335877,-8.946565,-8.923664
0.1655273,0.9765625,-0.1157227,8.580153,-8.748092,-8.21374
0.1523438,0.9572754,-0.1767578,8.717557,-3.389313,-7.091603
0.1484375,0.9702148,-0.2231445,6.847328,-0.740458,-5.931298
0.1228027,0.9697266,-0.2336426,-0.4961832,-1.70229,-3.290076
0.1164551,0.9660645,-0.2019043,-6.717557,0.8473283,0.8854962
0.1296387,0.9748535,-0.1501465,-8.229008,2.358779,2.816794
0.1599121,0.9758301,-0.09960938,-7.977099,2.824427,3.450382
0.1828613,0.9685059,-0.08374023,-5.374046,2.396947,3.099237
0.1682129,0.9667969,-0.07519531,-3.068702,1.664122,3.015267
0.1901855,0.9631348,-0.1005859,-1.030534,-0.2290076,2.251908
0.1989746,0.9643555,-0.07617188,1.19084,-0.3587786,1.473282
0.201416,0.9536133,-0.09692383,1.89313,-1.29771,0.1374046
0.1757813,0.9697266,-0.1247559,2.244275,-1.465649,-0.351145
0.1945801,0.9707031,-0.1403809,-0.3053435,-2.526718,-1.335878
0.1726074,0.9587402,-0.140625,-0.7328244,-0.6717557,-1.572519
0.1679688,0.9724121,-0.1367188,-1.89313,-0.4503817,-1.274809
0.1655273,0.9643555,-0.1416016,-2.374046,-0.2977099,-0.6870229
0.1574707,0.9614258,-0.1240234,-1.977099,0.2900764,0.1832061
0.1604004,0.9753418,-0.1032715,-0.7022901,-0.4274809,1.145038
0.1711426,0.967041,-0.1030273,-0.6564885,-0.648855,1.114504
0.1726074,0.9663086,-0.1203613,0.2900764,-0.9007633,1.259542
0.1801758,0.9680176,-0.1225586,-1.068702,-0.3740458,-0.5725191
0.1757813,0.9689941,-0.1191406,-1.534351,-0.2366412,-0.259542
0.1618652,0.9682617,-0.1269531,-1.618321,-0.519084,0.1908397
0.1706543,0.9748535,-0.1115723,-0.5725191,-0.5496183,0.648855
0.1694336,0.9694824,-0.1162109,-0.2977099,-0.648855,0.6335878
0.1748047,0.9692383,-0.1213379,-0.5572519,-0.5877862,0.4274809
 --- , --- , --- , --- , --- , --- 
0.5339355,1.070557,-0.1350098,49.99237,250.1298,-8.702291
0.7880859,0.8913574,-0.4543457,29.31298,180.5496,-33.19847
0.5634766,0.6938477,-0.3564453,-27.41985,71.38931,-93.41985
-0.3879395,1.168701,0.02636719,-22.80916,-5.801527,-28.89313
-0.08007813,0.8989258,-0.05981445,-27.29771,5.08397,-34.49618
-0.4082031,0.9433594,0.06835938,-7.778626,6.59542,-1.732824
-0.06054688,0.9726563,-0.04077148,12.25954,-0.5954198,39.8855
0.06469727,0.9616699,-0.01879883,12.9771,-13.05344,37.06107
0.2543945,0.9831543,-0.05004883,9.633588,-15.77863,26.30534
0.2062988,0.9880371,-0.09008789,15.23664,-10.55725,26.98473
0.2570801,0.9255371,-0.3308105,5.961832,-3.122137,23.75573
0.3491211,0.9353027,-0.2805176,6.229008,-3.030534,16.00763
0.3000488,0.9665527,-0.2463379,-6.374046,3.328244,6.664122
0.3337402,0.9309082,-0.1877441,-12.67939,2.045802,-1.496183
0.267334,0.9492188,-0.1469727,-9.167939,5.396946,-4.778626
0.2792969,0.9782715,-0.06787109,-7.755725,3.763359,-8.717557
0.213623,0.9631348,-0.05688477,-7.78626,3.648855,-12.28244
0.2353516,0.9570313,-0.04418945,1.335878,0.5267176,-16.29008
0.2099609,0.9785156,0.002685547,2.931298,-0.6717557,-18.39695
0.2043457,0.9624023,-0.06323242,4.21374,-4.641222,-15.29771
0.1401367,0.9731445,-0.06518555,6.580153,-7.351145,-11.85496
0.1237793,0.9765625,-0.1020508,7.740458,-6.534351,-8.80916
0.1306152,0.9780273,-0.1328125,8.335877,-5.564886,-6.89313
0.1391602,0.9873047,-0.1694336,9.068703,-3.099237,-5.51145
0.09375,0.9697266,-0.2338867,4.175572,-0.7862596,-1.557252
0.06811523,0.972168,-0.2553711,-2.145038,-0.9847328,3.068702
0.1044922,0.965332,-0.1967773,-7.251908,1.129771,5.496183
0.1550293,0.970459,-0.1472168,-7.740458,2.725191,5.946565
0.2109375,0.9797363,-0.08984375,-5.984733,1.412214,3.931298
0.2038574,0.9682617,-0.07470703,-4.801527,1.748092,2.259542
0.1960449,0.9675293,-0.09179688,-1.801527,0.7633588,1.183206
0.1948242,0.9790039,-0.07983398,0.2519084,-0.9389313,-0.1145038
0.1845703,0.9707031,-0.09130859,1.977099,-1.221374,-0.8473283
0.1794434,0.9594727,-0.1262207,1.961832,-1.480916,-1.320611
0.1721191,0.9816895,-0.1291504,1.908397,-1.923664,-1.641221
0.1640625,0.9589844,-0.1357422,0.2366412,-1.251908,-1.305344
0.1535645,0.9726563,-0.1601563,-0.9389313,-1.099237,-1.320611
0.166748,0.9729004,-0.1408691,-1.427481,0.09160305,-0.648855
0.1572266,0.9697266,-0.1433105,-2.0,-0.1145038,-0.08396947
0.1574707,0.9697266,-0.1342773,-2.70229,-0.1679389,0.778626
0.1711426,0.9746094,-0.1101074,-0.648855,0.07633588,0.5572519
0.1645508,0.9689941,-0.1091309,-0.3282443,-0.3053435,0.5496183
0.1765137,0.96875,-0.1147461,0.6946565,-0.778626,0.9007633
0.1784668,0.9680176,-0.1303711,0.7175572,-1.282443,0.2900764
0.1694336,0.9746094,-0.1430664,0.2519084,-0.7557252,-0.1755725
0.1674805,0.9694824,-0.1486816,-0.1374046,-0.2671756,-0.1832061
0.1760254,0.9650879,-0.138916,-0.870229,-0.4198473,-0.1984733
0.1691895,0.9770508,-0.1174316,-1.725191,-0.3435115,-0.1450382
0.1665039,0.9697266,-0.1264648,-2.656489,-0.4656488,0.03053435
 --- , --- , --- , --- , --- , --- 
0.2497559,1.043213,-0.02905273,47.45038,250.1298,-44.15267
0.6635742,1.063477,-0.4631348,22.59542,226.1908,-31.86259
0.7236328,0.6228027,-0.5019531,-24.64122,74.01527,-84.26717
-0.1152344,1.331299,0.09594727,-26.77099,5.38168,-32.45038
-0.05834961,0.885498,-0.1477051,-30.12214,3.091603,-37.20611
-0.4138184,1.062256,0.09155273,-10.76336,7.832061,-12.35114
-0.2963867,1.058838,0.1318359,-0.4885496,-1.748092,22.85496
-0.107666,0.9924316,0.03637695,8.083969,-3.480916,39.58015
0.06225586,0.9501953,-0.04174805,7.580153,-14.14504,42.78626
0.2832031,0.9912109,-0.01269531,12.79389,-11.75572,24.46565
0.223877,1.007568,-0.07470703,12.00763,-12.28244,24.33588
0.2629395,0.9335938,-0.2790527,9.564885,-5.709924,23.34351
0.2243652,0.951416,-0.1206055,-8.862596,4.396946,-9.961832
0.2404785,0.9851074,-0.05297852,-5.145038,4.068702,-14.50382
0.2287598,0.9658203,-0.01708984,-0.9694656,0.6564885,-19.82443
0.1191406,0.9924316,-0.01391602,1.938931,-0.610687,-14.0687
0.1179199,0.9780273,-0.0612793,5.885496,-3.946565,-10.07634
0.1179199,0.9824219,-0.06494141,6.335878,-5.687023,-7.961832
0.09130859,0.9750977,-0.07617188,7.732824,-4.251908,-4.862596
0.1088867,0.9755859,-0.1333008,9.702291,-3.480916,-2.427481
0.1079102,0.9633789,-0.237793,6.145038,-2.778626,-0.0610687
0.0859375,0.9841309,-0.2199707,2.656489,0.04580153,3.396947
0.1210938,0.9643555,-0.2224121,-4.183206,0.1374046,5.114504
0.1577148,0.9589844,-0.1945801,-7.099236,0.9007633,5.229008
0.1931152,0.972168,-0.1162109,-7.274809,1.366412,3.389313
0.1994629,0.9677734,-0.107666,-6.419847,2.045802,1.259542
0.1948242,0.9648438,-0.0925293,-4.358778,0.2519084,-0.2824428
0.1716309,0.9790039,-0.07714844,-1.259542,-0.2366412,-0.9389313
0.1599121,0.9746094,-0.08496094,0.6412213,-0.3129771,-1.030534
0.1726074,0.9709473,-0.09912109,3.061069,-1.923664,-1.122137
0.1442871,0.9624023,-0.1447754,2.473282,-1.198473,-0.3740458
0.1555176,0.9848633,-0.1394043,1.122137,-2.251908,-0.2824428
0.1523438,0.9631348,-0.1696777,-0.8091603,-0.3282443,0.09923664
0.1584473,0.9658203,-0.1640625,-1.29771,-0.06870229,0.02290076
0.1484375,0.986084,-0.1328125,-3.770992,0.2366412,0.8778625
0.1616211,0.9660645,-0.1306152,-3.717557,0.3740458,0.8167939
0.1755371,0.970459,-0.09814453,-2.312977,0.007633588,0.5419847
0.1523438,0.9750977,-0.08178711,-0.8473283,-0.07633588,0.1984733
0.1623535,0.9714355,-0.08642578,0.610687,-0.870229,0.3664122
0.1635742,0.9726563,-0.1296387,1.618321,-1.129771,0.04580153
0.1608887,0.9707031,-0.1362305,1.183206,-1.229008,-0.01526718
0.1555176,0.9602051,-0.1533203,-0.4961832,-0.5038168,0.259542
0.1611328,0.9638672,-0.1408691,-1.59542,-0.1908397,-0.007633588
0.1647949,0.9716797,-0.1176758,-1.778626,-0.3969466,-0.1526718
0.15625,0.9760742,-0.1166992,-1.480916,-0.3053435,-0.2137404
0.1535645,0.9753418,-0.1169434,-0.5648855,-0.389313,0.02290076
 --- , --- , --- , --- , --- , --- 
0.4506836,1.094482,-0.006835938,55.57252,250.1298,-25.50382
0.942627,0.9133301,-0.2011719,25.80916,157.2366,-42.09924
0.418457,0.7380371,-0.314209,-20.15267,84.43511,-95.07633
-0.3015137,1.111816,0.128418,-13.58015,1.48855,-32.31298
-0.1640625,0.8830566,-0.1401367,-32.35878,-8.923664,-34.82443
-0.3598633,1.001221,0.0168457,-16.59542,-1.549618,-11.03817
-0.3928223,1.103027,0.2070313,-1.923664,1.541985,26.28244
-0.01293945,0.9365234,-0.01171875,3.19084,-9.389313,40.89313
0.1496582,0.9819336,-0.06005859,7.900764,-14.75572,46.75573
0.1896973,0.9724121,-0.02270508,7.740458,-11.32061,22.61069
0.2915039,0.9648438,-0.09887695,15.0687,-12.50382,19.9771
0.2666016,0.9916992,-0.1086426,12.44275,-9.610687,17.22901
0.3154297,0.9267578,-0.2556152,8.702291,-3.328244,9.717557
0.364502,0.9545898,-0.2827148,2.824427,-3.458015,-0.5419847
0.3220215,0.9433594,-0.2675781,-5.496183,1.374046,-10.01527
0.3339844,0.9140625,-0.0144043,-0.0610687,0.6335878,-13.51145
0.1845703,0.9987793,-0.06933594,-0.5114504,6.022901,-13.67939
0.1816406,0.9416504,-0.1628418,-2.961832,-0.5419847,-12.24428
0.1259766,0.9875488,-0.03442383,0.2671756,-0.3435115,-8.503817
0.1235352,0.9641113,-0.02709961,4.312977,-1.366412,-8.458015
0.1169434,0.9821777,-0.08154297,3.839695,-0.4274809,-5.580153
0.1384277,0.9804688,-0.08935547,6.412214,-5.152672,-3.503817
0.0690918,0.9519043,-0.1638184,5.061069,-0.6030535,0.4351145
0.09619141,0.9807129,-0.2001953,3.320611,-1.877863,3.938931
0.09301758,0.9731445,-0.1948242,-0.9847328,-0.5725191,6.748092
0.1337891,0.9665527,-0.1655273,-3.557252,-0.8778625,7.725191
0.168457,0.9729004,-0.1306152,-2.824427,0.6030535,7.10687
0.2067871,0.96875,-0.1223145,-2.908397,0.6183206,4.938931
0.2297363,0.9648438,-0.1296387,-2.267176,0.2137404,1.870229
0.2275391,0.9699707,-0.1013184,-1.755725,-0.5877862,-1.015267
0.2084961,0.9760742,-0.09716797,0.4961832,0.2137404,-3.091603
0.1757813,0.9580078,-0.1352539,0.09160305,-0.648855,-3.687023
0.1530762,0.9909668,-0.1196289,-2.389313,-0.6335878,1.969466
0.1650391,0.9587402,-0.1174316,-3.358779,0.02290076,1.549618
0.1721191,0.9689941,-0.1166992,-1.641221,0.01526718,0.8473283
0.1809082,0.9780273,-0.109375,-0.8473283,-0.9236641,0.2366412
0.166748,0.965332,-0.1125488,0.1068702,-0.5267176,-0.4732824
0.168457,0.9726563,-0.1218262,0.9083969,-0.6641222,-0.4198473
0.1503906,0.9707031,-0.1313477,0.1832061,-0.5648855,-0.07633588
0.1574707,0.9645996,-0.1367188,-0.1755725,-0.480916,0.1908397
0.161377,0.9711914,-0.1442871,-0.2671756,-0.5114504,0.5343512
0.152832,0.9658203,-0.1291504,-1.290076,-0.4732824,0.6946565
0.173584,0.9763184,-0.1254883,-1.641221,-0.1145038,0.3358779
0.1738281,0.9633789,-0.1184082,-1.435114,-0.8244275,-0.259542
0.1567383,0.9746094,-0.1137695,-0.519084,-0.4961832,-0.2213741
 --- , --- , --- , --- , --- , --- 
1.099365,0.7780762,-0.2487793,29.67939,250.1298,-178.4046
1.312744,1.286377,-1.04834,27.19847,154.7786,-61.54962
0.02270508,0.7341309,-0.3505859,-42.49618,12.74046,-79.63359
-0.201416,1.001709,-0.279541,-21.56489,-6.923664,-28.53435
-0.3232422,1.16333,0.220459,-8.854961,3.229008,-16.00763
-0.3918457,0.9367676,0.02832031,-13.50382,8.045801,17.26718
-0.1442871,1.03833,0.06323242,3.541985,-0.870229,30.14504
0.02587891,1.028809,0.03149414,11.80153,-9.290076,42.44275
0.1655273,0.8898926,-0.09790039,4.465649,-3.122137,35.19084
0.1889648,1.043457,-0.06640625,14.16794,-11.24428,34.22901
0.3293457,0.9602051,-0.08081055,14.39695,-9.770992,17.19847
0.2727051,0.9394531,-0.2324219,10.34351,-3.793893,12.16794
0.3540039,0.973877,-0.2348633,5.91603,-3.442748,1.801527
0.3066406,0.9360352,-0.2924805,-3.519084,-0.2213741,-7.992366
0.2878418,0.947998,-0.2380371,-6.931298,-1.412214,-15.10687
0.175293,0.9816895,-0.1108398,-6.526718,1.007634,-14.63359
0.1071777,0.9182129,0.003417969,-0.6717557,3.343511,-15.05344
0.1020508,1.021973,-0.05151367,2.458015,1.251908,-11.37405
0.1086426,0.9592285,-0.1257324,0.7557252,-4.732824,-9.885496
0.05712891,0.9694824,-0.06640625,6.251908,0.4580153,-6.854962
0.05566406,0.9836426,-0.1130371,5.961832,0.1374046,-2.961832
0.0004882813,0.9941406,-0.1945801,3.358779,-2.396947,3.625954
0.04296875,0.9641113,-0.1936035,-0.6259542,-1.534351,7.358778
0.07910156,0.9819336,-0.1188965,-1.51145,0.05343511,9.267176
0.1147461,0.9799805,-0.109375,-1.816794,0.6641222,10.03053
0.1706543,0.9841309,-0.1247559,-1.007634,-0.3206107,8.358779
0.2043457,0.9543457,-0.140625,-1.236641,0.2748091,5.519084
0.2043457,0.9694824,-0.1291504,-0.1145038,0.5725191,1.801527
0.2104492,0.9748535,-0.1455078,-0.8549618,-1.267176,-1.916031
0.1818848,0.9626465,-0.1462402,-1.587786,-0.6183206,-4.183206
0.1491699,0.9775391,-0.1210938,-0.7938931,-1.290076,-4.763359
0.1279297,0.9831543,-0.09155273,-0.5419847,-0.5496183,-4.290076
0.09765625,0.9709473,-0.1323242,-1.732824,-0.4045802,-3.167939
0.1032715,0.9829102,-0.1411133,-0.1603053,-0.6717557,-1.442748
0.09277344,0.9614258,-0.1496582,-1.40458,0.0,2.083969
0.1079102,0.9816895,-0.1069336,-1.732824,0.06870229,2.816794
0.1323242,0.9665527,-0.1169434,-2.198473,0.007633588,2.732824
0.1491699,0.9665527,-0.1196289,-1.412214,-0.5725191,1.160305
0.168457,0.9768066,-0.1118164,1.534351,-0.4961832,-0.1603053
0.1472168,0.9726563,-0.1306152,1.160305,-0.4351145,-0.9160305
0.1391602,0.9658203,-0.1442871,-0.03816794,-1.389313,-1.152672
0.1132813,0.9763184,-0.1279297,0.3282443,-0.4198473,-0.5648855
0.1254883,0.9731445,-0.1357422,0.1908397,-0.4732824,0.06870229
0.114502,0.9753418,-0.1394043,-2.076336,-0.3816794,0.3816794
0.1335449,0.9797363,-0.1333008,-1.259542,-0.8015267,0.7862596
0.1298828,0.9785156,-0.1218262,-0.9312977,-0.2061069,0.3587786
 --- , --- , --- , --- , --- , --- 
0.7661133,0.8330078,-0.255127,15.82443,250.1298,-69.59542
1.208008,1.04541,-0.4279785,2.030534,77.05344,-69.30534
0.0007324219,1.285889,-0.1550293,-34.16031,2.030534,-47.94656
-0.269043,0.9172363,-0.3752441,-23.23664,-5.114504,-42.03053
-0.364502,1.110107,0.1020508,-8.725191,0.129771,-18.20611
-0.3967285,0.9753418,0.03198242,-13.27481,9.458015,14.03053
-0.1286621,0.9770508,0.02783203,0.7328244,-2.580153,31.9771
0.2109375,0.9616699,-0.1179199,16.49618,-8.816793,22.61069
0.3234863,0.9511719,-0.2373047,9.114504,-1.725191,9.251908
0.3579102,0.9675293,-0.2446289,4.824428,-4.427481,-3.152672
0.2790527,0.9482422,-0.2663574,-2.473282,-0.02290076,-10.47328
0.2421875,0.965332,-0.2111816,-5.931298,-1.160305,-16.61069
0.1333008,0.9855957,-0.06787109,-2.114504,-0.1145038,-14.52672
0.07202148,0.9394531,-0.08642578,-2.580153,1.78626,-13.73282
0.06030273,1.021484,-0.1115723,0.3969466,0.2213741,-9.633588
0.09448242,1.004883,-0.09863281,4.129771,-2.267176,-8.679389
-0.02661133,0.9655762,-0.1325684,3.496183,-1.038168,-1.656489
-0.02368164,0.9763184,-0.182373,0.5648855,-0.6717557,3.557252
0.03491211,0.9821777,-0.2253418,-2.091603,0.0,7.984733
0.1071777,0.9763184,-0.1591797,-3.816794,-1.160305,8.366412
0.128418,0.972168,-0.0847168,-3.473282,1.221374,7.465649
0.1689453,0.987793,-0.07373047,-1.580153,-0.7557252,4.763359
0.1525879,0.9838867,-0.08007813,1.717557,-1.29771,2.541985
0.1774902,0.9851074,-0.1047363,2.870229,-1.083969,0.2824428
0.1376953,0.9711914,-0.1779785,1.633588,-1.167939,-1.816794
0.1298828,0.9689941,-0.2006836,-0.4885496,-1.503817,-2.152672
0.1237793,0.9667969,-0.1936035,-2.954198,-0.1068702,-1.679389
0.09887695,0.9807129,-0.142334,-4.38168,0.02290076,-1.137405
0.1115723,0.9836426,-0.09716797,-3.618321,0.0610687,-1.091603
0.1196289,0.9719238,-0.09057617,-2.78626,1.114504,-1.21374
0.1184082,0.9838867,-0.08886719,-0.9694656,-0.2366412,-1.267176
0.09814453,0.9897461,-0.1008301,0.259542,0.1374046,0.05343511
0.09570313,0.9753418,-0.1325684,0.4427481,-1.061069,0.5496183
0.09155273,0.9772949,-0.1357422,0.3969466,-0.6335878,1.687023
0.1027832,0.972168,-0.1376953,-0.2977099,-0.6641222,2.221374
0.126709,0.9729004,-0.1320801,-0.1679389,-0.7633588,1.671756
0.128418,0.9841309,-0.1203613,0.4351145,-0.1755725,1.160305
0.1313477,0.9731445,-0.1213379,-0.4885496,-0.6412213,0.4580153
0.128418,0.9763184,-0.1359863,-0.4885496,-0.7862596,0.129771
0.1159668,0.9782715,-0.1291504,-0.4503817,-0.2519084,-0.03053435
0.1191406,0.9763184,-0.1403809,-0.9541985,-0.610687,0.07633588
0.109375,0.9741211,-0.1276855,-0.8931297,-0.6412213,0.2671756
0.1098633,0.9726563,-0.1447754,-0.5954198,-0.5877862,-0.04580153
0.1132813,0.9816895,-0.1362305,-0.5877862,-0.4732824,-0.1679389
0.1159668,0.972168,-0.1386719,-1.053435,-0.648855,-0.1755725
0.1120605,0.9660645,-0.1362305,-1.236641,-0.4656488,-0.07633588
0.1088867,0.9780273,-0.1186523,-0.4961832,-0.0610687,0.06870229
0.1098633,0.9780273,-0.1281738,-0.6564885,-0.8854962,0.1603053
0.1152344,0.9736328,-0.1364746,-0.7480916,-0.3435115,0.4198473
 --- , --- , --- , --- , --- , --- 
-0.130127,1.608154,0.05322266,21.16794,250.1298,18.16794
1.577881,0.8815918,-0.145752,9.847328,250.1298,-86.34351
0.8186035,0.8935547,-0.4135742,4.954198,149.687,-18.36641
0.2158203,0.7807617,-0.07983398,-20.70992,13.17557,-80.85497
-0.3669434,0.9943848,0.04931641,-6.19084,-13.98473,-35.51145
-0.3496094,1.096436,-0.001953125,-16.29008,2.671756,-28.70229
-0.4602051,0.8422852,-0.2297363,-16.0916,5.267176,2.580153
-0.2724609,1.095459,0.07275391,1.305344,2.091603,24.98473
-0.01953125,1.058105,0.08129883,9.396947,-15.51145,44.34351
0.1054688,0.894043,-0.1057129,2.931298,-2.770992,35.15267
0.1865234,1.033447,-0.04541016,13.73282,-9.114504,30.43511
0.1887207,0.9597168,-0.1088867,7.938931,-2.824427,19.13741
0.2966309,0.9802246,-0.2363281,11.70229,-8.412213,11.07634
0.2775879,0.9848633,-0.2109375,3.931298,-2.083969,-0.5419847
0.2961426,0.9299316,-0.2836914,-1.625954,-2.114504,-9.801527
0.2158203,0.9978027,-0.171875,-2.969466,-1.328244,-14.98473
0.1481934,0.9606934,-0.1208496,-6.343512,-1.366412,-16.47328
0.06640625,0.9694824,-0.03076172,-2.236641,-0.04580153,-15.45802
0.02978516,1.003906,-0.02612305,4.251908,2.0,-13.63359
0.01660156,0.9985352,-0.07568359,4.755725,-1.656489,-9.938931
-0.06835938,0.9599609,-0.1645508,2.740458,0.1145038,-2.099237
-0.06079102,0.9824219,-0.2001953,-0.6412213,-0.01526718,4.992366
0.007080078,0.9763184,-0.1855469,-3.137405,-1.198473,8.541985
0.1040039,0.9726563,-0.09692383,-2.572519,-1.641221,8.419847
0.1416016,0.96875,-0.02954102,0.7557252,0.1679389,3.938931
0.0703125,0.9699707,-0.2058105,-2.389313,-0.6412213,-1.29771
0.07006836,0.9709473,-0.1757813,-5.152672,-0.8778625,-0.7022901
0.07421875,0.9882813,-0.09423828,-3.671756,0.1450382,-0.4580153
0.09521484,0.9741211,-0.08544922,-2.717557,0.1908397,-0.8931297
0.1108398,0.9799805,-0.08642578,-0.9770992,-0.3664122,-1.946565
0.07299805,0.9887695,-0.1005859,0.1603053,-0.3358779,-1.160305
0.06494141,0.9819336,-0.1264648,0.7938931,-0.4274809,-0.1832061
0.06689453,0.9782715,-0.1513672,-0.3053435,-0.8549618,0.9007633
0.06567383,0.9760742,-0.1555176,-1.19084,0.1221374,2.091603
0.07324219,0.9804688,-0.1296387,-1.885496,-0.3816794,2.030534
0.09423828,0.9770508,-0.1174316,-1.564886,-0.1908397,1.694656
0.1086426,0.9772949,-0.1132813,-0.7938931,-0.6335878,0.3969466
0.08959961,0.9819336,-0.1179199,0.1984733,-0.4885496,-0.06870229
0.08666992,0.9829102,-0.1298828,0.8015267,-0.7709923,-0.2748091
0.07324219,0.9775391,-0.1591797,-0.4427481,0.03816794,0.2519084
0.08105469,0.9797363,-0.1381836,-0.4503817,-0.6564885,0.6259542
0.08984375,0.984375,-0.137207,-1.282443,-0.5419847,0.9770992
0.08886719,0.9746094,-0.1347656,-1.282443,-0.5801527,0.2824428
0.09887695,0.9831543,-0.1149902,-0.259542,-0.7938931,-0.1832061
0.09667969,0.9758301,-0.1242676,-0.3358779,-0.6641222,-0.8396947
0.0847168,0.9790039,-0.137207,-0.2213741,-1.099237,-0.8931297
 --- , --- , --- , --- , --- , --- 
-0.1767578,0.822998,0.1157227,48.8168,250.1298,-36.08397
0.4025879,0.2619629,0.0847168,-13.46565,250.1298,-221.5114
0.9038086,0.9155273,-0.4047852,13.58779,141.1603,-52.42748
0.1516113,0.7702637,-0.1118164,-28.84733,51.53435,-89.09924
-0.3444824,0.8605957,-0.07055664,-8.625955,-12.57252,-33.34351
-0.3552246,1.141846,-0.03393555,-15.61832,11.23664,-35.03053
-0.434082,0.8666992,-0.1647949,-17.28244,-0.9083969,3.129771
-0.3320313,1.08252,0.08544922,0.1832061,0.9236641,28.22137
-0.01293945,0.9519043,0.04467773,-0.5954198,-21.0,43.62595
0.1162109,0.9523926,-0.06152344,4.801527,-9.160305,30.54198
0.1708984,0.9907227,-0.001220703,12.17557,-12.0458,27.79389
0.1599121,0.980957,-0.0703125,11.78626,-7.038168,21.66412
0.2556152,0.9499512,-0.1960449,11.94656,-2.961832,15.27481
0.3059082,0.9580078,-0.2226563,7.251908,-3.442748,3.374046
0.3103027,0.9665527,-0.2541504,0.2900764,-2.664122,-10.89313
0.2307129,0.9558105,-0.2231445,-2.412214,-1.793893,-17.55725
0.1357422,0.9880371,-0.1320801,-4.114504,2.725191,-19.16794
0.07324219,0.9760742,-0.07519531,-3.198473,1.908397,-17.20611
0.05664063,0.9694824,-0.09106445,-0.8244275,2.480916,-16.28244
0.01635742,0.9992676,-0.1047363,1.038168,1.335878,-13.77863
-0.06225586,0.9753418,-0.1352539,0.2442748,-2.29771,-7.78626
-0.111084,0.9719238,-0.1520996,-1.396947,-1.099237,3.816794
-0.03808594,0.9804688,-0.123291,-1.847328,-1.038168,8.320611
0.04663086,0.982666,-0.1013184,-0.5038168,-0.8931297,10.0916
0.1157227,0.9814453,-0.09130859,0.8167939,-1.80916,8.015267
0.1452637,0.9802246,-0.1049805,1.80916,-1.19084,4.328244
0.1325684,0.9846191,-0.1196289,2.778626,-1.083969,1.839695
0.1101074,0.9731445,-0.1721191,2.068702,-0.740458,0.6259542
0.1015625,0.9790039,-0.1843262,-0.4885496,-0.8396947,-0.5725191
0.0847168,0.9812012,-0.1721191,-2.557252,-0.740458,-0.5267176
0.1064453,0.9816895,-0.1281738,-3.80916,-0.3358779,-0.9770992
0.09985352,0.9797363,-0.1179199,-3.137405,0.03816794,-2.251908
0.09594727,0.982666,-0.1196289,-3.206107,0.5572519,-2.862595
0.09521484,0.9824219,-0.1176758,-2.374046,0.3740458,-3.816794
0.06494141,0.9753418,-0.1359863,-3.030534,1.381679,-2.931298
0.06591797,0.9812012,-0.123291,-3.022901,-0.1984733,-2.267176
0.04711914,0.9838867,-0.112793,-2.603053,0.09160305,-0.610687
0.05444336,0.9833984,-0.1169434,-1.938931,-0.1221374,0.2748091
0.07324219,0.9799805,-0.09130859,-1.045802,-0.3664122,0.8396947
0.07885742,0.9797363,-0.1015625,-0.1221374,-0.9236641,0.7709923
0.07324219,0.9797363,-0.109375,1.526718,-0.6641222,0.7480916
0.0769043,0.9821777,-0.1213379,1.572519,-1.137405,0.3969466
0.07788086,0.9775391,-0.1450195,1.29771,-0.5419847,0.961832
0.07568359,0.9782715,-0.145752,0.4045802,-1.038168,1.10687
0.07446289,0.9807129,-0.1418457,-0.6870229,-0.5572519,0.9160305
0.08666992,0.9787598,-0.1330566,-0.7938931,0.01526718,-0.7633588
0.08081055,0.9794922,-0.130127,-1.419847,-0.6870229,-0.5725191
0.06616211,0.9787598,-0.1335449,-1.51145,-0.3053435,-0.2213741
 --- , --- , --- , --- , --- , --- 
0.5922852,1.022705,-0.05859375,11.70229,250.1298,-50.99237
1.199219,1.260254,-0.1181641,0.5343512,52.68702,-72.23664
-0.3876953,1.012695,-0.2980957,-6.152672,41.38168,-52.35878
-0.3769531,0.9360352,-0.3203125,-26.45802,-10.36641,-36.74046
-0.4416504,0.9665527,-0.1262207,-15.47328,-10.37405,0.06870229
-0.4174805,1.015137,0.05151367,-7.480916,14.08397,27.38931
0.03759766,0.9812012,-0.03955078,0.7709923,-6.282443,34.72519
0.1662598,1.001953,-0.01513672,2.450382,-5.267176,25.87786
0.2060547,0.9523926,-0.08178711,-0.9312977,-8.541985,17.99237
0.1972656,0.9628906,-0.09155273,3.679389,-9.580153,12.65649
0.2592773,1.005127,-0.04638672,6.503817,-6.770992,5.10687
0.263916,0.965332,-0.1169434,7.633588,-4.305344,-3.954198
0.2355957,0.9780273,-0.1711426,7.694656,-6.053435,-11.50382
0.1311035,0.9714355,-0.1088867,5.427481,-4.167939,-17.10687
0.1071777,0.967041,-0.1403809,4.396946,-1.374046,-17.52672
0.09204102,0.9833984,-0.1501465,2.282443,0.0,-17.14504
-0.03076172,0.9855957,-0.2072754,1.038168,0.6412213,-11.90076
-0.1091309,0.9819336,-0.203125,-3.427481,0.4961832,-2.717557
-0.1247559,0.979248,-0.1730957,-6.526718,0.3587786,6.557252
-0.04150391,0.9916992,-0.1108398,-5.38168,1.183206,11.82443
0.05786133,0.980957,-0.06469727,-2.824427,1.343511,13.03053
0.1416016,0.9755859,-0.06811523,0.1374046,0.1984733,9.793893
0.1765137,0.9807129,-0.078125,2.122137,-2.610687,4.10687
0.1364746,0.9780273,-0.08911133,3.954198,-2.427481,1.389313
0.1152344,0.9790039,-0.1218262,5.099236,-1.977099,-0.6564885
0.1091309,0.9746094,-0.1433105,4.015267,-1.48855,-1.885496
0.1018066,0.9724121,-0.1606445,3.755725,-1.251908,-2.618321
0.08666992,0.982666,-0.1762695,0.8396947,-0.778626,-3.167939
0.07080078,0.9731445,-0.171875,-2.465649,-0.5801527,-1.954198
0.06323242,0.9741211,-0.1591797,-4.259542,0.7557252,-1.618321
0.07055664,0.980957,-0.1101074,-5.503817,0.8244275,-0.6946565
0.08251953,0.9890137,-0.1074219,-5.030534,0.7099237,-0.6335878
0.08789063,0.9772949,-0.09399414,-2.870229,0.8931297,-0.8091603
0.08666992,0.9775391,-0.08886719,-1.89313,0.351145,-1.251908
0.05908203,0.9753418,-0.107666,-1.152672,-0.1068702,-0.6870229
0.06469727,0.9848633,-0.1235352,-0.2900764,-0.8167939,0.2442748
0.05834961,0.9902344,-0.119873,0.9694656,-0.961832,0.7557252
0.06323242,0.9753418,-0.1101074,0.5343512,-0.129771,1.709924
0.07958984,0.9753418,-0.1181641,0.6641222,-1.656489,1.419847
0.08203125,0.9824219,-0.1220703,0.5954198,-0.8015267,1.19084
0.09399414,0.984375,-0.1286621,0.3587786,-0.778626,0.5419847
0.08227539,0.9765625,-0.145752,-0.4274809,-0.6335878,0.2748091
0.08447266,0.9765625,-0.1437988,-0.740458,-0.5496183,0.0
0.08178711,0.9848633,-0.1289063,-1.305344,-0.1526718,0.1603053
0.08496094,0.9755859,-0.128418,-1.114504,-0.480916,-0.1450382
0.08300781,0.984375,-0.1196289,-0.9465649,-0.3587786,-0.3053435
0.07617188,0.9824219,-0.1242676,-0.8015267,-0.4961832,-0.1679389
0.07568359,0.9797363,-0.1396484,-0.7328244,-0.4045802,-0.1832061
0.07250977,0.9748535,-0.1279297,-0.8015267,-0.610687,0.1755725
0.07202148,0.9782715,-0.1254883,-0.4274809,-0.2977099,0.3969466
0.06884766,0.9782715,-0.1210938,-0.5954198,-0.5801527,0.4961832
0.08007813,0.9755859,-0.1271973,-0.5267176,-0.6641222,0.1755725
0.08129883,0.9824219,-0.1164551,-0.3969466,-0.4274809,0.2137404
 --- , --- , --- , --- , --- , --- 
0.09082031,0.8327637,-0.1252441,0.6717557,250.1298,-17.03817
0.7492676,0.9311523,-0.07250977,23.48092,250.1298,-40.23664
1.196289,0.7443848,-0.6489258,-6.763359,135.9084,-116.626
-0.2531738,1.061768,-0.3071289,-32.54962,-56.62595,-63.40458
-0.3713379,0.8791504,-0.3417969,-13.70229,-15.77099,-53.22901
-0.7324219,1.135742,0.04467773,-10.33588,-2.053435,1.78626
-0.5537109,0.9538574,-0.06835938,-9.236641,21.25191,23.70992
-0.08666992,0.9575195,-0.06298828,1.29771,1.030534,34.92366
0.1357422,0.9953613,-0.02832031,4.114504,-7.29771,31.36641
0.2480469,0.9570313,-0.08227539,-1.167939,-3.755725,20.44275
0.2629395,0.973877,-0.171875,6.946565,-5.801527,-12.16031
0.1989746,0.9611816,-0.1743164,4.015267,-5.931298,-20.33588
0.1367188,0.7854004,-0.1157227,5.282443,-14.14504,-99.40458
0.05200195,1.83374,-0.07177734,5.61832,2.114504,-19.0229
0.05395508,0.9348145,-0.1882324,-0.3282443,1.603053,-18.01527
-0.07177734,0.9992676,-0.1777344,0.007633588,0.1450382,-10.65649
-0.1582031,0.9816895,-0.171875,-5.19084,0.6870229,-0.1221374
-0.1367188,0.9694824,-0.1496582,-7.183206,0.7022901,8.305344
-0.03637695,0.9921875,-0.08398438,-4.160306,1.236641,13.0687
0.06030273,0.9863281,-0.06225586,-2.122137,0.3740458,13.8626
0.1394043,0.984375,-0.06982422,1.549618,-0.7099237,8.526717
0.1464844,0.984375,-0.078125,3.801527,-3.198473,4.290076
0.1162109,0.9772949,-0.09912109,4.320611,-1.458015,1.770992
0.1064453,0.9748535,-0.1311035,5.068702,-1.129771,-0.389313
0.09985352,0.984375,-0.1391602,5.29771,-1.351145,-2.183206
0.09033203,0.972168,-0.1811523,2.717557,-0.4198473,-3.412214
0.05737305,0.9853516,-0.1818848,-0.8015267,-0.9083969,-3.183206
0.04174805,0.9790039,-0.175293,-3.78626,0.7022901,-2.480916
0.04443359,0.9765625,-0.154541,-5.022901,0.648855,-1.793893
0.03881836,0.9804688,-0.1245117,-5.91603,0.5648855,-1.015267
0.05395508,0.9755859,-0.1096191,-4.877862,0.5419847,-0.9465649
0.06958008,0.9858398,-0.09301758,-2.70229,0.09160305,-1.396947
0.05639648,0.9816895,-0.1008301,-1.778626,0.1755725,-1.175573
0.04956055,0.9790039,-0.1066895,-0.4198473,-0.2519084,-0.5877862
0.03271484,0.9829102,-0.1013184,0.8473283,-0.6335878,0.3206107
0.03930664,0.9753418,-0.1254883,1.114504,-1.038168,1.557252
0.05078125,0.9790039,-0.1306152,1.198473,-1.045802,1.717557
0.05761719,0.982666,-0.1184082,0.9083969,-0.9007633,1.80916
0.0715332,0.9816895,-0.1416016,0.4656488,-0.8167939,1.099237
0.06713867,0.9785156,-0.1496582,-0.01526718,-0.7099237,0.5038168
0.07397461,0.9790039,-0.135498,-0.5572519,-0.2290076,0.2671756
0.07104492,0.9841309,-0.1345215,-1.343511,-0.2442748,-0.007633588
0.05981445,0.980957,-0.1315918,-1.290076,-0.3587786,-0.2290076
0.06225586,0.9829102,-0.1176758,-1.21374,-0.1221374,-0.2977099
0.05322266,0.984375,-0.126709,-0.8854962,-0.351145,-0.0610687
0.05224609,0.9858398,-0.1135254,-0.6564885,-0.6412213,0.1908397
0.05395508,0.9794922,-0.1259766,-0.6641222,-0.5572519,0.3740458
0.05664063,0.9741211,-0.1281738,-0.6335878,-0.9160305,0.5343512
0.06054688,0.9807129,-0.1335449,-0.2671756,-0.6793893,0.4885496
0.06689453,0.9851074,-0.1262207,-0.5419847,-0.4045802,0.389313
0.0612793,0.9780273,-0.128418,-0.832061,-0.5801527,0.2290076
0.05688477,0.9829102,-0.1376953,-0.4045802,-0.3969466,0.3435115
 --- , --- , --- , --- , --- , --- 
0.3703613,1.064209,0.05297852,29.03053,250.1298,-24.82443
0.6379395,0.9321289,-0.02490234,13.61069,220.1985,-141.1069
0.4272461,0.8598633,-0.01269531,-18.68702,-21.66412,-72.25954
-0.5288086,0.9553223,-0.5063477,-1.549618,-9.824428,-61.58779
-0.4707031,1.001953,-0.0559082,-17.54198,-4.854962,-20.49618
-0.6328125,0.9309082,-0.1376953,-11.85496,24.55725,25.80153
-0.09301758,1.026123,0.002197266,3.519084,-3.21374,34.9542
0.08203125,0.9941406,-0.04223633,0.5038168,-7.137404,33.8855
0.2297363,0.9589844,-0.07226563,-0.4732824,-3.824427,21.70992
0.2207031,0.9775391,-0.06665039,4.030534,-7.389313,16.22901
0.2397461,0.9787598,-0.07299805,5.770992,-6.435114,8.755725
0.296875,0.9838867,-0.1030273,7.206107,-2.061069,-4.312977
0.2751465,0.9719238,-0.1584473,6.099236,-6.40458,-24.51145
0.2133789,0.8845215,-0.1672363,3.80916,-14.85496,-56.28244
0.1289063,1.026611,-0.1105957,4.664122,-2.580153,-17.05343
0.09350586,0.9707031,-0.1252441,2.40458,-2.305344,-19.09924
0.07958984,0.9753418,-0.1352539,3.007634,1.412214,-18.50382
-0.02392578,0.9865723,-0.1728516,0.2519084,1.564886,-14.19847
-0.135498,0.9714355,-0.2001953,-3.580153,0.9923664,-4.725191
-0.1635742,0.986084,-0.1689453,-5.671756,-0.5496183,5.419847
-0.08569336,0.9904785,-0.0949707,-4.89313,0.610687,11.87023
0.0222168,0.9780273,-0.07470703,-2.801527,0.5954198,13.35114
0.1176758,0.9824219,-0.0456543,0.4885496,-0.2519084,11.64122
0.1625977,0.9729004,-0.07324219,2.70229,-3.015267,5.427481
0.08935547,0.963623,-0.2131348,1.267176,-0.6259542,-3.236641
0.06567383,0.9743652,-0.1791992,-1.89313,0.05343511,-3.282443
0.05761719,0.9794922,-0.1655273,-4.603054,0.7862596,-2.816794
0.05688477,0.9743652,-0.1525879,-6.099236,0.8396947,-2.099237
0.05297852,0.9787598,-0.114502,-5.458015,0.9007633,-1.541985
0.05786133,0.9824219,-0.08959961,-4.465649,0.6717557,-1.496183
0.06030273,0.9724121,-0.09570313,-3.114504,0.09160305,-1.076336
0.05444336,0.9829102,-0.09667969,-1.076336,0.2519084,-0.6946565
0.06103516,0.9819336,-0.09936523,-0.07633588,-1.152672,-0.351145
0.03613281,0.9833984,-0.1142578,0.9770992,-0.5496183,0.8167939
0.05297852,0.980957,-0.1262207,0.8931297,-0.6259542,1.541985
0.0612793,0.9802246,-0.1259766,1.343511,-1.48855,1.503817
0.06542969,0.9726563,-0.1303711,1.022901,-0.7557252,1.40458
0.07836914,0.9848633,-0.130127,1.053435,-0.9694656,0.9083969
0.07495117,0.9807129,-0.1330566,0.2977099,-0.6641222,0.5648855
0.07275391,0.9765625,-0.1513672,-0.6793893,-0.480916,0.4198473
0.07128906,0.9785156,-0.1394043,-1.587786,-0.3816794,0.01526718
0.07373047,0.9770508,-0.1230469,-1.396947,-0.4351145,-0.2671756
0.07275391,0.9814453,-0.1164551,-1.396947,-0.4961832,-0.9694656
0.06616211,0.9709473,-0.1259766,-0.9465649,-0.4198473,-0.6717557
0.05737305,0.984375,-0.1323242,-0.648855,-0.6946565,-0.351145
0.05322266,0.9768066,-0.1313477,-0.9160305,-0.351145,0.1145038
0.05737305,0.9829102,-0.1254883,-0.7328244,-0.6946565,0.480916
0.05688477,0.9763184,-0.128418,-0.6793893,-0.4732824,0.832061
0.0612793,0.9833984,-0.1164551,-0.1832061,-0.4198473,0.648855
 --- , --- , --- , --- , --- , --- 
0.145752,1.605713,-0.2268066,13.87786,250.1298,-19.73282
0.2451172,0.9165039,-0.1013184,22.38931,250.1298,-31.43511
0.7268066,0.8408203,-0.237793,17.20611,192.5496,-86.67939
0.206543,0.628418,-0.1357422,-29.71756,-7.557252,-78.16031
-0.5065918,0.9577637,-1.112549,8.21374,-1.473282,-57.96183
-0.4882813,1.084229,-0.02758789,-15.22137,-6.748092,-20.76336
-0.6252441,0.8361816,-0.1743164,-10.69466,19.50382,25.34351
-0.06835938,1.083496,-0.08764648,6.40458,-8.099236,32.31298
0.07324219,1.006836,0.01831055,3.152672,-7.885496,30.54962
0.2165527,0.9450684,-0.1008301,-1.526718,-5.664122,23.58015
0.2021484,0.984375,-0.05761719,5.007634,-6.900764,18.78626
0.2304688,0.9589844,-0.08569336,7.206107,-5.923664,12.31298
0.3132324,0.9914551,-0.1103516,9.885496,-2.305344,-0.6641222
0.3066406,0.9501953,-0.2121582,3.687023,-5.48855,-13.66412
0.230957,0.9538574,-0.1760254,4.656488,-7.259542,-43.44275
0.1281738,1.365723,-0.138916,4.534351,-0.4961832,-20.28244
0.08862305,0.9699707,-0.1262207,2.076336,-0.259542,-19.29771
0.08032227,0.9934082,-0.09985352,1.78626,1.679389,-19.9771
-0.05786133,0.9675293,-0.1860352,0.06870229,2.045802,-14.58779
-0.1381836,0.984375,-0.1860352,-2.129771,0.4580153,-4.259542
-0.1694336,0.9743652,-0.1638184,-5.343512,-0.03053435,6.725191
-0.1018066,0.996582,-0.1098633,-4.679389,0.3282443,13.45802
0.02880859,0.9758301,-0.07763672,-2.908397,0.1221374,14.96947
0.1230469,0.9799805,-0.05053711,1.122137,-0.9541985,11.9313
0.1535645,0.9851074,-0.06713867,3.427481,-3.839695,5.847328
0.1257324,0.9699707,-0.08935547,4.854962,-0.9465649,3.183206
0.1237793,0.979248,-0.1533203,5.778626,-1.641221,-1.152672
0.09423828,0.9697266,-0.2084961,2.870229,0.02290076,-2.251908
0.09936523,0.9726563,-0.2089844,-0.8396947,-0.4580153,-3.335878
0.07714844,0.9782715,-0.1872559,-4.08397,0.8854962,-3.679389
0.06982422,0.9765625,-0.1555176,-5.572519,1.152672,-3.480916
0.06445313,0.9787598,-0.1303711,-6.70229,1.70229,-3.419847
0.05883789,0.986084,-0.1066895,-5.114504,1.083969,-3.038168
0.05444336,0.9870605,-0.1030273,-3.870229,0.2366412,-2.709924
0.05029297,0.9755859,-0.08959961,-3.053435,0.6641222,-2.038168
0.04736328,0.9865723,-0.08984375,-1.458015,-0.4427481,-1.015267
0.03686523,0.9848633,-0.1157227,-0.648855,-0.6641222,0.3358779
0.03295898,0.9714355,-0.1152344,0.2061069,-0.389313,1.427481
0.05175781,0.9824219,-0.1079102,1.229008,-1.19084,2.068702
0.06176758,0.9868164,-0.1176758,1.251908,-1.137405,1.992366
0.07861328,0.973877,-0.1213379,1.59542,-1.114504,1.335878
0.07373047,0.9775391,-0.1403809,-1.473282,-0.5801527,0.389313
0.06079102,0.9812012,-0.1208496,-1.633588,-0.3129771,0.02290076
0.08081055,0.9772949,-0.1213379,-1.664122,-0.4732824,-0.4885496
0.07128906,0.9819336,-0.1271973,-0.9465649,-0.5725191,-0.8549618
0.06201172,0.9787598,-0.1201172,-0.4351145,-0.4961832,-0.9389313
0.05029297,0.979248,-0.1325684,-1.137405,-0.3587786,-0.3816794
0.05273438,0.9782715,-0.1359863,-0.9465649,-0.5725191,0.2519084
0.05078125,0.9858398,-0.1264648,-0.6259542,-0.389313,0.6793893
0.0559082,0.980957,-0.1279297,-1.038168,-0.4274809,0.9694656
0.0703125,0.9785156,-0.1269531,-0.3129771,-0.8167939,0.6717557
0.07397461,0.9780273,-0.119873,-0.3969466,-0.2900764,0.3358779
0.07177734,0.9782715,-0.1223145,-0.2824428,-0.3206107,0.2519084
0.06176758,0.9780273,-0.1337891,-0.4122138,-0.6793893,0.0
 --- , --- , --- , --- , --- , --- 
0.965332,0.9440918,-0.1777344,12.76336,250.1298,-73.89313
1.483643,1.269287,-0.5644531,-3.641221,148.229,-79.67175
-0.1943359,0.934082,0.09570313,-30.64886,-73.8855,-64.63359
-0.3503418,0.8029785,-0.5195313,-24.07634,9.931297,-55.99237
-0.6767578,1.112549,-0.06689453,-5.221374,6.450382,0.2442748
-0.3664551,1.010254,0.07958984,1.305344,9.572519,26.51145
-0.06323242,0.9089355,-0.1074219,2.450382,-1.10687,33.06107
0.161377,1.02124,-0.01782227,3.725191,-5.19084,28.25191
0.1889648,0.9589844,-0.05639648,0.7328244,-9.076336,20.55725
0.1755371,0.973877,-0.08349609,6.08397,-6.977099,16.0
0.2580566,0.9907227,-0.09960938,7.045802,-5.145038,6.259542
0.2822266,0.9724121,-0.1560059,6.679389,-1.80916,-6.08397
0.2583008,0.9265137,-0.1484375,9.580153,-5.51145,-20.99237
0.1606445,0.9597168,-0.1738281,1.694656,-1.694656,-18.40458
0.1040039,0.9750977,-0.1105957,1.503817,-1.48855,-16.9084
0.08398438,0.989502,-0.09936523,2.954198,0.02290076,-17.27481
0.05102539,0.9863281,-0.1193848,3.045802,3.389313,-16.1145
-0.05493164,0.9748535,-0.1972656,0.2519084,1.145038,-9.664123
-0.1394043,0.9858398,-0.1975098,-2.89313,-0.09923664,-0.1603053
-0.1203613,0.9870605,-0.1520996,-4.977099,-0.7862596,7.91603
-0.001464844,0.9770508,-0.09155273,-3.557252,-0.1832061,12.36641
0.09863281,0.9851074,-0.06542969,-1.442748,-0.648855,10.12977
0.152832,0.9812012,-0.0703125,1.21374,-1.801527,5.854962
0.1257324,0.9892578,-0.07543945,4.061069,-0.7328244,6.442748
0.1013184,0.9702148,-0.1157227,4.877862,-1.030534,0.8549618
0.09399414,0.965332,-0.1640625,3.496183,-0.7175572,-2.229008
0.08447266,0.9191895,-0.1943359,-0.08396947,-1.030534,-0.6793893
0.07128906,0.9699707,-0.1992188,-1.007634,-1.022901,-2.709924
0.07543945,0.9746094,-0.1706543,-4.694656,0.351145,-3.091603
0.07885742,0.9841309,-0.1269531,-4.541985,1.259542,-3.610687
0.05932617,0.9770508,-0.1118164,-5.167939,1.374046,-3.198473
0.03881836,0.9775391,-0.1179199,-4.076336,0.870229,-2.21374
0.03393555,0.989502,-0.1186523,-3.335878,0.5496183,-0.7633588
0.03662109,0.982666,-0.1037598,-2.412214,-0.1832061,-0.1679389
0.04443359,0.9802246,-0.1013184,-0.6335878,-0.7175572,0.5801527
0.05957031,0.9865723,-0.08642578,1.343511,-0.9236641,0.7328244
0.05200195,0.982666,-0.1013184,2.366412,-1.061069,0.740458
0.0546875,0.9709473,-0.1276855,2.366412,-1.137405,1.175573
0.06494141,0.982666,-0.1411133,1.59542,-1.473282,1.328244
0.0546875,0.9797363,-0.1535645,0.6564885,-0.6183206,1.59542
0.07348633,0.9699707,-0.1645508,-1.381679,-0.9465649,0.9847328
0.08007813,0.9821777,-0.1386719,-1.832061,-0.5572519,0.1603053
0.0847168,0.9812012,-0.1210938,-1.679389,-0.129771,-0.5648855
0.07324219,0.9765625,-0.1328125,-1.832061,-0.3053435,-1.229008
0.06713867,0.9797363,-0.1174316,-0.8625955,-0.3816794,-1.236641
0.05175781,0.9873047,-0.1171875,-0.740458,-0.3664122,-0.6030535
0.04760742,0.9768066,-0.1367188,-1.038168,-0.4503817,-0.03053435
0.05224609,0.979248,-0.1323242,-0.740458,-0.3740458,0.4503817
0.04858398,0.9829102,-0.1252441,-1.160305,-0.2824428,0.8625955
0.0637207,0.9814453,-0.1281738,-1.160305,-0.5572519,0.8549618
0.06958008,0.9775391,-0.1223145,-0.519084,-0.4961832,0.7709923
0.06323242,0.9787598,-0.1210938,-0.3740458,-0.2900764,0.7022901
0.07080078,0.9765625,-0.1403809,-0.5954198,-0.4580153,0.1755725
 --- , --- , --- , --- , --- , --- 
0.189209,0.8664551,0.05908203,22.41221,250.1298,-118.9084
