8031,0.2775879,0.9575195,-0.1289063,-0.7328244,0.1526718,0.6259542
7576,0.2692871,0.9348145,-0.1599121,-3.267176,0.7328244,0.1374046
7500,0.3083496,0.927002,-0.1459961,-1.351145,0.1374046,0.519084
7531,0.3081055,0.9448242,-0.130127,-0.519084,-1.419847,0.1679389
7543,0.2841797,0.9418945,-0.1350098,-0.3206107,-0.8091603,-0.06870229
7533,0.2946777,0.9594727,-0.1162109,0.1145038,-0.9923664,-0.3969466
7500,0.2717285,0.9526367,-0.1247559,0.3969466,-0.6335878,0.0
7504,0.2695313,0.9462891,-0.1286621,0.4732824,-0.9770992,0.6030535
7901,0.2998047,0.9743652,-0.1582031,0.4580153,-1.351145,0.6641222
7560,0.276123,0.9526367,-0.1286621,-1.221374,-0.3969466,-0.4656488
7498,0.2614746,0.9597168,-0.135498,-1.656489,-1.419847,0.2213741
7503,0.2507324,0.9589844,-0.1821289,-3.305344,0.7862596,1.045802
7505,0.2646484,0.9428711,-0.1191406,-3.305344,-0.02290076,1.923664
7473,0.3227539,0.9416504,-0.09960938,0.6335878,-1.274809,0.5572519
7529,0.309082,0.9301758,-0.1247559,0.9083969,-2.641221,-0.7862596
7463,0.3110352,0.9614258,-0.1130371,0.3358779,-1.916031,0.2366412
7885,0.2736816,0.954834,-0.1022949,3.862595,-0.9694656,0.6183206
7518,0.2631836,0.8989258,-0.1506348,2.29771,-2.045802,0.5801527
7482,0.2841797,0.9226074,-0.1345215,1.503817,-2.435115,0.9007633
7488,0.28125,0.9313965,-0.1931152,4.419847,-2.541985,-2.282443
7503,0.2404785,0.9838867,-0.1450195,2.29771,0.7328244,-0.8473283
7467,0.2431641,0.9074707,-0.152832,0.5572519,-2.984733,0.9083969
7449,0.2832031,0.9143066,-0.2150879,-2.0,0.6183206,-0.2977099
7469,0.3164063,0.972168,-0.1123047,2.076336,0.3282443,-0.1145038
7459,0.2954102,0.9848633,-0.109375,6.89313,-2.328244,0.7328244
7504,0.291748,0.895752,-0.1335449,2.709924,-0.7480916,0.5496183
7456,0.2780762,0.916748,-0.2089844,0.8396947,-2.129771,-0.04580153
7483,0.2949219,0.9362793,-0.151123,1.236641,-0.9847328,-0.5038168
7477,0.262207,0.9399414,-0.1184082,-1.648855,-0.2213741,-2.29771
7490,0.2614746,0.9577637,-0.1750488,3.160305,-1.916031,-1.328244
7470,0.2558594,0.9536133,-0.1564941,5.778626,0.5496183,0.0610687
7485,0.248291,0.9326172,-0.2192383,-0.351145,1.51145,0.2519084
7840,0.3154297,0.9360352,-0.175293,-0.1221374,-0.7633588,0.0
7536,0.296875,0.9528809,-0.1867676,-2.648855,0.259542,0.4427481
7492,0.2702637,0.9482422,-0.1188965,-4.870229,-1.80916,1.015267
7501,0.2915039,0.9504395,-0.1252441,-1.366412,-0.1145038,0.4580153
7530,0.3066406,0.9291992,-0.1459961,-2.305344,-0.2290076,-0.8625955
7505,0.2905273,0.9460449,-0.1364746,-2.290076,-0.9770992,-1.435114
7499,0.2580566,0.956543,-0.1413574,-0.05343511,-0.2442748,-0.03816794
7471,0.2609863,0.9567871,-0.1430664,0.3282443,0.03816794,1.083969
7453,0.2963867,0.9213867,-0.1591797,-1.458015,-0.5572519,0.5114504
7499,0.3112793,0.9313965,-0.1411133,-0.8854962,-1.038168,0.2213741
7499,0.3132324,0.9433594,-0.1374512,-0.07633588,-0.9389313,-0.9007633
7497,0.284668,0.9465332,-0.1516113,-1.160305,-1.007634,-1.015267
7518,0.2558594,0.9553223,-0.1582031,-0.6870229,-0.09160305,0.1755725
7481,0.2736816,0.9501953,-0.1374512,-1.251908,-0.1450382,0.8396947
7526,0.2910156,0.9450684,-0.1606445,-0.7480916,-0.8473283,0.9083969
7866,0.2883301,0.9470215,-0.1491699,-0.648855,-0.007633588,0.129771
7504,0.293457,0.9443359,-0.1503906,-1.022901,-1.221374,-0.5725191
7438,0.2785645,0.9418945,-0.1391602,0.09160305,-0.9083969,0.09160305
7498,0.2709961,0.9421387,-0.140625,-0.2900764,0.08396947,0.648855
7467,0.2941895,0.9433594,-0.1499023,-0.4427481,-0.8854962,0.519084
7469,0.2871094,0.9438477,-0.1472168,-0.1221374,-0.3740458,0.1221374
7530,0.2880859,0.9384766,-0.1601563,-1.129771,-0.7251908,-0.1221374
7485,0.277832,0.9494629,-0.1503906,-0.3969466,-0.7251908,0.2977099
7489,0.2814941,0.9521484,-0.144043,-0.2900764,-0.6717557,0.6641222
7509,0.2851563,0.9443359,-0.1464844,0.0,0.03816794,0.5343512
7509,0.2961426,0.9475098,-0.1789551,-1.015267,-0.8854962,0.6946565
7473,0.2802734,0.9489746,-0.1489258,-0.4656488,1.091603,0.2137404
7488,0.2927246,0.9345703,-0.1647949,-3.145038,-0.4580153,0.4351145
7470,0.2858887,0.9396973,-0.1452637,-2.450382,-0.519084,0.5343512
7465,0.2871094,0.9597168,-0.119873,-0.8854962,1.465649,0.5114504
7504,0.3117676,0.9309082,-0.1274414,-1.366412,-1.48855,0.519084
7874,0.2788086,0.9543457,-0.1435547,-0.4045802,1.015267,0.2748091
7540,0.298584,0.932373,-0.170166,-2.251908,-1.045802,-0.129771
7498,0.2963867,0.777832,-0.03027344,109.2672,250.1298,-29.05343
7490,0.534668,1.008789,-0.0769043,112.6641,250.1298,-45.94656
7429,0.4318848,0.9033203,-0.1862793,90.0458,250.1298,-39.13741
7486,0.2702637,0.814209,-0.4042969,72.45802,202.1069,-44.84733
7462,0.1218262,1.050537,-0.4550781,44.76336,173.0763,-29.46565
7466,0.2644043,0.9638672,-0.3457031,19.90076,104.3282,-24.19084
7524,-0.04345703,1.132324,-0.2080078,16.35878,81.34351,-8.343512
7465,-0.01025391,0.956543,-0.1813965,3.709924,42.77099,2.435115
7526,0.1557617,0.9645996,-0.2548828,-0.09160305,1.290076,11.22901
7458,0.0871582,0.9782715,-0.2790527,-8.374045,1.099237,18.15267
7492,0.2443848,0.972168,-0.1564941,-15.41221,-3.717557,20.03817
7506,0.263916,0.921875,-0.1745605,-19.38931,-2.038168,18.49618
7507,0.3344727,0.9519043,-0.1557617,-15.91603,-0.4198473,15.77863
7492,0.3554688,0.9267578,-0.1027832,-19.74046,0.8549618,9.305344
7885,0.3479004,0.9282227,-0.02270508,-12.99237,0.4427481,0.2366412
7540,0.3146973,0.9465332,-0.02880859,-5.19084,1.152672,-2.129771
7472,0.3061523,0.9526367,-0.01904297,1.870229,-0.1679389,-4.70229
7498,0.25,0.9440918,-0.08569336,3.312977,-0.1526718,-2.137405
7510,0.2180176,0.9487305,-0.1062012,4.641222,-0.610687,0.06870229
7486,0.2453613,0.9624023,-0.1269531,5.740458,-2.412214,1.442748
7469,0.2680664,0.9387207,-0.1828613,5.335878,-1.259542,0.2137404
7479,0.2954102,0.9333496,-0.1865234,2.954198,-1.267176,-1.679389
7481,0.2624512,0.9501953,-0.171875,0.9770992,0.8625955,-1.694656
7505,0.2463379,0.9633789,-0.1633301,0.351145,-0.1374046,-0.9465649
7503,0.2382813,0.9506836,-0.1738281,-1.854962,-0.2519084,0.1755725
7477,0.2597656,0.956543,-0.1584473,-2.908397,0.259542,0.2900764
7521,0.270752,0.9541016,-0.1315918,-3.053435,-0.832061,-0.3740458
7495,0.2509766,0.9558105,-0.1259766,-1.557252,0.2290076,-0.0610687
7510,0.2541504,0.9492188,-0.1328125,-1.068702,-0.8549618,0.129771
7872,0.2658691,0.9433594,-0.1384277,-0.4351145,-1.19084,-0.007633588
7548,0.2590332,0.953125,-0.1328125,0.2137404,-0.5343512,-0.03816794
7484,0.2646484,0.951416,-0.1442871,-0.2290076,-0.129771,-0.06870229
7492,0.2546387,0.9484863,-0.1630859,-0.7175572,-0.259542,0.2442748
7477,0.2509766,0.9462891,-0.1591797,-1.068702,-0.5114504,0.7251908
7485,0.2583008,0.953125,-0.1467285,-1.129771,-0.2137404,0.7938931
7485,0.2612305,0.9499512,-0.1557617,-1.160305,-0.3206107,0.5419847
7486,0.2648926,0.9509277,-0.1494141,-0.7175572,-0.2977099,0.007633588
7469,0.2563477,0.9560547,-0.1381836,-0.01526718,-0.4885496,0.1221374
7488,0.2504883,0.9504395,-0.1418457,-0.2748091,-0.3816794,0.389313
7470,0.2485352,0.9458008,-0.1435547,-0.2748091,-0.7328244,0.7938931
7486,0.2583008,0.9511719,-0.1550293,-0.2519084,-0.648855,0.3587786
7470,0.265625,0.9455566,-0.1367188,0.04580153,-0.7328244,-0.1145038
7488,0.2624512,0.9482422,-0.1442871,-0.03053435,-0.9923664,-0.1679389
7456,0.2587891,0.9545898,-0.1535645,0.351145,-0.870229,-0.1755725
7887,0.2548828,0.9462891,-0.1523438,0.0,-0.7328244,0.1755725
7526,0.2609863,0.9572754,-0.1442871,-0.09923664,-0.6030535,0.2213741
7531,0.2636719,0.9511719,-0.1425781,-0.5877862,-0.4198473,-0.129771
7488,0.2602539,0.9484863,-0.1484375,-0.8015267,-0.9847328,0.0
7474,0.2543945,0.9499512,-0.1474609,-0.7709923,-0.2519084,0.1603053
7436,0.2526855,0.9589844,-0.1513672,-1.21374,0.1221374,0.0610687
7528,0.03173828,0.8879395,-0.1762695,126.3359,250.1298,8.396947
7464,0.9543457,0.9272461,-0.02172852,100.1679,250.1298,-48.98473
7482,0.3344727,0.9790039,-0.03979492,107.6489,250.1298,-61.22901
7477,0.470459,0.9814453,-0.2814941,85.1832,225.3512,-48.26717
7503,0.1303711,0.9074707,-0.5256348,67.76336,200.2443,-31.8855
7542,0.08959961,1.04126,-0.2922363,44.08397,130.0916,-19.29771
7495,-0.0769043,1.003906,-0.3518066,22.77099,103.6031,-1.587786
7463,0.09155273,0.9396973,-0.2250977,13.15267,49.36641,3.114504
7468,0.08178711,0.9714355,-0.324707,5.847328,14.98473,9.503817
7479,0.1359863,0.9816895,-0.2949219,-0.2977099,-3.633588,15.85496
7831,0.3510742,0.9562988,-0.1191406,-26.82443,3.19084,11.76336
7500,0.3525391,0.9555664,-0.1074219,-17.92366,0.9236641,10.70229
7508,0.307373,0.9382324,-0.08886719,-15.91603,3.832061,5.564886
7496,0.3415527,0.9294434,-0.06616211,-13.55725,1.816794,0.1984733
7491,0.3312988,0.956543,0.01342773,-7.534351,1.519084,-2.450382
7510,0.2941895,0.9418945,0.002441406,-1.916031,-0.06870229,-4.442748
7482,0.2214355,0.9682617,-0.009521484,4.748092,-1.145038,-2.740458
7444,0.1877441,0.9685059,-0.07202148,10.9771,-1.938931,1.183206
7487,0.2287598,0.9501953,-0.1320801,10.42748,-2.778626,2.725191
7491,0.2915039,0.9335938,-0.1877441,9.351145,-2.465649,0.5648855
7464,0.3227539,0.9362793,-0.2094727,5.320611,-2.137405,-3.099237
7475,0.2741699,0.9506836,-0.2092285,3.465649,0.6259542,-4.10687
7500,0.2392578,0.9528809,-0.1845703,0.6641222,-0.2519084,-3.099237
7498,0.223877,0.9631348,-0.2009277,0.3358779,0.6717557,-1.21374
7465,0.2556152,0.9541016,-0.1958008,-3.259542,-0.1145038,-0.6412213
7474,0.2548828,0.9504395,-0.1604004,-5.40458,0.5419847,-0.8015267
7876,0.2614746,0.9545898,-0.1157227,-3.648855,0.259542,-0.3587786
7552,0.2602539,0.9477539,-0.1296387,-1.51145,-0.4198473,0.1450382
7484,0.2412109,0.9501953,-0.1074219,-0.8931297,0.1450382,0.8778625
7487,0.2561035,0.947998,-0.1203613,0.2671756,-0.7633588,0.8396947
7489,0.2626953,0.9528809,-0.142334,1.496183,-0.6335878,0.3358779
7509,0.2709961,0.9528809,-0.1535645,1.038168,-0.6030535,-0.259542
7523,0.2602539,0.9494629,-0.1740723,0.01526718,-0.5114504,-0.08396947
7505,0.2443848,0.9516602,-0.1704102,-0.740458,-0.3816794,0.2290076
7490,0.2458496,0.9597168,-0.1604004,-1.083969,-0.06870229,1.015267
7514,0.2583008,0.9506836,-0.1525879,-1.267176,-0.0610687,1.351145
7478,0.2773438,0.951416,-0.1552734,-1.312977,-0.5954198,0.9770992
7485,0.2746582,0.9477539,-0.1394043,-1.977099,-1.282443,0.3664122
7455,0.2570801,0.9541016,-0.1340332,-0.2213741,-0.1755725,0.1908397
15940,0.2600098,0.9506836,-0.1269531,0.2824428,-1.015267,-0.03816794
7475,0.260498,0.9545898,-0.1357422,1.061069,-0.870229,-0.09923664
7890,0.2631836,0.947998,-0.1516113,1.305344,-1.312977,-0.2519084
7529,0.2519531,0.949707,-0.1643066,0.8625955,-0.3358779,0.06870229
7485,0.2587891,0.9545898,-0.1645508,0.04580153,-0.7633588,0.08396947
7540,0.2634277,0.9499512,-0.1738281,-0.9923664,-0.7328244,-0.09160305
7523,0.2546387,0.9516602,-0.1538086,-1.465649,-0.1603053,-0.06870229
7499,0.2573242,0.953125,-0.1516113,-1.78626,-0.6564885,0.2442748
7500,0.2502441,0.9519043,-0.1447754,-2.221374,-0.2290076,0.1832061
7476,0.251709,0.9562988,-0.1352539,-1.358779,0.2671756,0.1984733
7478,0.2597656,0.9504395,-0.1425781,-1.183206,-0.3816794,0.4198473
7474,0.2556152,0.951416,-0.1591797,-0.9541985,-0.3129771,0.3053435
7469,0.2641602,0.956543,-0.1499023,-0.778626,-0.1755725,0.4045802
7511,0.2575684,0.9489746,-0.1640625,-0.9770992,-0.3740458,0.2824428
7528,0.2570801,0.9541016,-0.152832,-1.419847,0.03053435,0.3053435
7501,0.2651367,0.9460449,-0.1601563,-1.740458,-0.2366412,0.2519084
7474,0.2563477,0.953125,-0.1508789,-1.618321,-0.5267176,0.2442748
7883,0.2570801,0.9541016,-0.1381836,-1.198473,-0.2900764,0.5114504
7521,0.2597656,0.951416,-0.1437988,-1.022901,-0.648855,0.3435115
7539,0.2661133,0.9533691,-0.1384277,-0.5343512,-0.6717557,0.1832061
7485,0.2629395,0.9536133,-0.1416016,-0.2442748,-0.778626,0.09160305
7483,0.4431152,0.9584961,-0.3190918,109.8779,250.1298,-33.13741
7472,0.6179199,0.8479004,-0.1386719,108.7023,250.1298,-49.29008
7503,0.5466309,0.8469238,-0.1682129,94.12214,250.1298,-59.74809
7455,0.6040039,0.9655762,-0.326416,88.39695,225.8931,-53.77863
7462,0.2412109,0.9929199,-0.2028809,84.38931,202.0458,-48.91603
7492,-0.0456543,0.8747559,-0.3630371,53.87023,141.1374,-18.46565
7475,0.02490234,0.9956055,-0.3708496,37.17557,110.3053,-16.41985
7466,0.07006836,0.9907227,-0.2177734,22.9542,63.72519,-7.389313
7496,0.06787109,0.9396973,-0.2443848,11.9771,18.23664,0.2900764
7475,0.05566406,0.9909668,-0.2800293,7.664122,-2.526718,10.74046
7485,0.08227539,0.9907227,-0.2819824,1.0,-2.267176,18.48855
7506,0.1901855,0.9665527,-0.3312988,-5.862596,-4.396946,20.53435
7916,0.3496094,0.9377441,-0.1733398,-18.10687,4.427481,7.152672
7557,0.2915039,0.9387207,-0.1335449,-17.16794,5.045802,15.06107
7489,0.2832031,1.287598,-0.0390625,-3.465649,1.763359,9.923664
7464,0.2375488,0.9191895,-0.1347656,-17.03817,4.076336,4.664122
7475,0.3037109,0.9519043,-0.05102539,-13.44275,-0.648855,3.572519
7494,0.282959,0.9616699,-0.01733398,-8.702291,-0.8396947,3.083969
7476,0.2915039,0.9509277,-0.008300781,-2.129771,-1.389313,2.175573
7469,0.3129883,0.9445801,-0.06079102,4.870229,-1.053435,0.6946565
7459,0.328125,0.9404297,-0.1252441,7.137404,-2.450382,-1.961832
7476,0.3103027,0.9382324,-0.1672363,5.603054,-1.725191,-4.053435
7491,0.277832,0.939209,-0.1843262,3.633588,-1.274809,-4.824428
7498,0.2602539,0.9472656,-0.1694336,4.068702,-0.519084,-3.954198
7523,0.2541504,0.9602051,-0.1652832,2.854962,-0.02290076,-2.839695
7475,0.2443848,0.9399414,-0.1923828,0.2061069,0.05343511,-1.442748
7514,0.2438965,0.9475098,-0.2058105,-1.908397,-0.7938931,-0.6183206
7474,0.2373047,0.958252,-0.1799316,-3.648855,0.832061,0.2900764
7856,0.2541504,0.9570313,-0.1362305,-3.358779,0.7480916,1.679389
7524,0.286377,0.9492188,-0.145752,-3.099237,-0.01526718,1.335878
7496,0.2741699,0.9506836,-0.1357422,-2.435115,-0.08396947,0.778626
7490,0.2792969,0.9462891,-0.1181641,-1.358779,-0.6335878,0.2748091
7469,0.2788086,0.9523926,-0.1254883,0.4503817,-0.4503817,0.2290076
7502,0.2746582,0.947998,-0.1237793,0.8625955,-1.175573,0.1755725
7468,0.267334,0.9470215,-0.1584473,1.21374,-0.7633588,-0.05343511
7494,0.2614746,0.9526367,-0.161377,0.9465649,-0.9236641,0.4045802
7492,0.2751465,0.9501953,-0.1623535,0.5725191,-0.6870229,0.6335878
7480,0.2832031,0.9494629,-0.1547852,0.1755725,-0.6793893,0.3282443
7515,0.2890625,0.9448242,-0.1542969,-0.2671756,-0.9770992,-0.01526718
7504,0.2724609,0.9521484,-0.1542969,-0.3282443,-0.5343512,-0.6259542
7477,0.260498,0.9589844,-0.1308594,-0.3206107,-0.5954198,-0.2442748
7504,0.2695313,0.9475098,-0.1418457,-0.2366412,-0.5267176,0.03053435
7471,0.2736816,0.953125,-0.1520996,0.03053435,-0.8854962,0.3664122
7873,0.269043,0.9472656,-0.1467285,-0.2519084,-0.7480916,0.02290076
7499,0.2719727,0.9448242,-0.1574707,-0.2442748,-0.2748091,-0.3435115
7527,0.2731934,0.9472656,-0.1557617,-0.3740458,-1.320611,-0.1984733
7470,0.2561035,0.9458008,-0.1633301,-1.068702,-0.2977099,0.3282443
7501,0.2702637,0.9523926,-0.1550293,-0.4580153,-0.0610687,0.8473283
7465,0.2719727,0.9460449,-0.1677246,-1.259542,-0.7709923,0.5419847
7487,0.2717285,0.9501953,-0.1479492,-1.854962,-0.3206107,0.3816794
7488,0.2719727,0.9460449,-0.151123,-2.206107,0.09923664,0.03053435
7483,0.2653809,0.953125,-0.1560059,-2.19084,-0.740458,0.2900764
7477,0.2597656,0.9536133,-0.1323242,-1.450382,0.259542,0.3816794
7482,0.2807617,0.949707,-0.1362305,-1.083969,-0.5343512,0.259542
7536,0.2746582,0.9482422,-0.144043,-0.7557252,-0.610687,-0.2442748
7490,0.2802734,0.9411621,-0.1398926,-0.6793893,-0.9007633,-0.3053435
7488,0.2729492,0.9538574,-0.1535645,0.06870229,-0.2977099,-0.04580153
7500,0.2646484,0.9448242,-0.1535645,-0.6717557,-0.7328244,0.3358779
7880,0.2792969,0.9489746,-0.140625,-0.9465649,-0.9694656,0.259542
7579,0.2773438,0.9521484,-0.1533203,-1.244275,-0.8167939,-0.007633588
7485,1.170166,0.9492188,0.09838867,100.0611,250.1298,-56.26717
7483,0.8083496,0.9716797,-0.05053711,76.16794,93.45038,-85.16794
7522,0.345459,0.7219238,-0.6721191,24.9542,2.267176,-78.53435
7508,-0.2478027,1.188477,-0.3635254,38.89313,63.58015,-63.91603
7514,-0.2141113,0.980957,-0.1801758,4.977099,20.67175,-10.87786
7486,-0.00390625,0.932373,-0.2175293,5.335878,-2.778626,2.015267
7501,0.06835938,1.044434,-0.09667969,11.67939,-6.396946,1.839695
7460,0.003662109,0.9685059,-0.2597656,10.32824,-1.78626,13.35878
7475,0.0390625,0.9763184,-0.3491211,7.160306,-1.480916,24.90076
7507,0.1010742,0.9604492,-0.3513184,-5.473282,-2.206107,39.35878
7458,0.1235352,0.9157715,-0.3266602,-16.78626,1.687023,54.24427
7498,0.4084473,0.9455566,-0.1899414,-18.16031,-7.641222,21.82443
7469,0.3125,0.9125977,-0.2460938,-18.20611,4.244275,15.25954
7499,0.3735352,0.9250488,-0.1467285,-20.15267,2.992366,9.923664
7866,0.3120117,0.9465332,-0.03759766,-14.87786,0.08396947,6.793893
7515,0.2958984,0.958252,0.02124023,-7.08397,-0.9465649,3.267176
7468,0.3022461,0.9553223,0.01147461,2.526718,-0.6870229,0.961832
7487,0.3188477,0.9506836,-0.0378418,7.816794,-2.977099,-2.10687
7495,0.2844238,0.9382324,-0.1245117,9.267176,-2.40458,-3.870229
7503,0.2941895,0.9484863,-0.1474609,9.160305,-1.290076,-5.465649
7495,0.2807617,0.9377441,-0.1872559,8.21374,-1.885496,-6.450382
7474,0.2561035,0.9489746,-0.1872559,6.847328,-0.8015267,-6.38168
7488,0.2324219,0.9580078,-0.2072754,5.206107,-0.389313,-5.145038
7460,0.2138672,0.9470215,-0.2131348,2.099237,-0.1908397,-4.053435
7493,0.2211914,0.9570313,-0.2102051,-0.1984733,0.129771,-1.664122
7468,0.2182617,0.9553223,-0.2058105,-3.557252,0.5801527,0.3358779
7484,0.2202148,0.9621582,-0.1804199,-5.0,0.6183206,2.198473
7497,0.237793,0.956543,-0.1506348,-5.961832,0.4122138,2.946565
7481,0.2526855,0.953125,-0.1379395,-5.587786,0.1679389,3.045802
7504,0.2651367,0.951416,-0.1333008,-4.541985,-0.08396947,2.648855
7812,0.2753906,0.9572754,-0.1132813,-2.312977,-0.389313,1.801527
7519,0.2729492,0.9545898,-0.1066895,-0.8091603,-0.7328244,0.8931297
7507,0.2724609,0.9475098,-0.1228027,0.8167939,-0.9694656,0.1221374
7504,0.2719727,0.9521484,-0.1337891,1.961832,-0.4122138,-0.6870229
7494,0.2768555,0.9494629,-0.1418457,1.496183,-1.465649,-1.21374
7451,0.2548828,0.947998,-0.1447754,1.992366,-0.6641222,-1.038168
7508,0.2619629,0.9562988,-0.1479492,1.824428,-0.961832,-0.6946565
7493,0.2475586,0.9543457,-0.1574707,1.396947,-0.8091603,-0.03816794
7471,0.2514648,0.9499512,-0.1633301,0.9160305,-0.7862596,-0.02290076
7521,0.2580566,0.9443359,-0.1608887,-0.129771,-1.343511,0.007633588
7513,0.2583008,0.9477539,-0.1542969,-0.480916,-0.3435115,-0.1832061
7456,0.2631836,0.9587402,-0.151123,-0.7022901,-0.2900764,0.02290076
7480,0.262207,0.9504395,-0.144043,-1.091603,-0.8015267,0.2213741
7511,0.2561035,0.9470215,-0.1530762,-0.4732824,-0.7862596,0.5572519
7488,0.2556152,0.9555664,-0.1362305,-0.1908397,-0.7938931,0.5496183
7896,0.2653809,0.9541016,-0.1462402,-0.480916,-0.3664122,0.2748091
7548,0.2636719,0.9484863,-0.1542969,-0.8015267,-0.6030535,0.1908397
7487,0.2473145,0.9523926,-0.1601563,-1.137405,0.09923664,0.4274809
7524,0.2675781,0.9475098,-0.1481934,-1.427481,-0.1755725,0.1603053
7513,0.2724609,0.9443359,-0.1589355,-2.183206,-1.091603,0.4351145
7483,0.2355957,0.9597168,-0.1484375,-1.137405,0.259542,0.2519084
7515,0.2651367,0.956543,-0.1445313,-1.206107,-0.2824428,0.3053435
7479,0.2661133,0.9450684,-0.1447754,-1.465649,-0.7709923,-0.0610687
7496,0.2585449,0.9482422,-0.1577148,-0.8473283,-0.351145,0.1145038
7518,0.2043457,0.9987793,0.06030273,130.5038,250.1298,-23.87786
7503,1.172607,0.6989746,-0.2819824,87.19084,230.0763,-57.29771
7489,0.5864258,1.122803,-0.0402832,66.99236,74.36641,-85.73283
7445,0.140625,0.854248,-0.369873,15.12214,7.801527,-75.19847
7468,-0.190918,1.031982,-0.3283691,34.16031,54.20611,-50.38168
7507,-0.1643066,0.9487305,-0.1943359,11.36641,24.30534,-6.793893
7455,0.05712891,0.9499512,-0.2634277,6.198473,1.770992,-17.31298
7891,-0.08178711,1.023682,-0.2236328,8.0,-3.29771,-0.4656488
7503,0.0480957,1.002686,-0.2407227,6.351145,-3.59542,10.77863
7513,0.01416016,0.9858398,-0.2849121,2.412214,-3.473282,20.03053
7504,0.09326172,0.9755859,-0.2939453,-6.145038,-3.717557,26.43511
7507,0.1601563,0.9746094,-0.2495117,-9.38168,-2.633588,29.67939
7523,0.260498,0.9331055,-0.265625,-14.87786,-2.458015,28.41985
7490,0.3032227,0.9487305,-0.2424316,-16.82443,3.267176,25.57252
7480,0.3413086,0.9260254,-0.215332,-20.93893,3.389313,21.41221
7453,0.3015137,0.9851074,-0.1245117,-20.21374,4.40458,18.32061
7480,0.3334961,0.9267578,-0.1176758,-26.99237,0.6412213,15.74046
7467,0.3334961,0.9147949,-0.04858398,-23.58779,-0.7557252,13.45038
7454,0.3574219,0.9494629,0.02807617,-16.29771,0.2824428,10.29008
7480,0.3867188,0.9255371,0.04052734,-7.564886,0.9465649,4.175572
7482,0.4082031,0.9294434,0.03442383,1.526718,-1.580153,-2.381679
7495,0.3491211,0.9414063,-0.01123047,7.824428,-1.946565,-6.030534
7522,0.3210449,0.9387207,-0.06884766,10.8855,-2.351145,-7.78626
7892,0.2590332,0.9475098,-0.1940918,8.641221,-1.717557,-9.473283
15957,0.2431641,0.9516602,-0.2197266,6.145038,-0.4961832,-7.389313
7474,0.2167969,0.9521484,-0.2319336,-0.4351145,0.832061,-4.854962
7510,0.1945801,0.9672852,-0.2211914,-3.503817,0.832061,-1.152672
7467,0.1879883,0.9633789,-0.1977539,-5.89313,0.610687,2.755725
7444,0.2067871,0.9594727,-0.140625,-7.145038,0.2213741,5.458015
7521,0.2416992,0.9577637,-0.1379395,-6.412214,-0.4580153,6.778626
7532,0.2600098,0.9533691,-0.1413574,-5.48855,-0.6793893,6.847328
7538,0.2851563,0.9494629,-0.1279297,-5.091603,-0.778626,5.862596
7490,0.300293,0.9472656,-0.1262207,-3.946565,-0.4122138,4.29771
7489,0.315918,0.935791,-0.1149902,-3.045802,-0.3053435,2.145038
7473,0.3093262,0.9445801,-0.1157227,-1.80916,-0.4122138,0.2137404
7465,0.2954102,0.9431152,-0.1079102,-0.04580153,-0.6412213,-0.8778625
7494,0.2822266,0.9504395,-0.1103516,1.381679,-0.961832,-1.21374
7445,0.2749023,0.9494629,-0.126709,2.526718,-1.122137,-1.709924
7477,0.2834473,0.9470215,-0.1408691,3.114504,-1.114504,-1.740458
7857,0.2702637,0.9519043,-0.1628418,2.70229,-1.083969,-2.274809
7558,0.2636719,0.9484863,-0.1582031,1.916031,-0.8091603,-2.305344
7534,0.255127,0.9487305,-0.1730957,0.8473283,-0.351145,-1.236641
7490,0.2580566,0.9550781,-0.1633301,0.6335878,-0.7633588,-0.5343512
7470,0.251709,0.9504395,-0.1640625,-0.4274809,-0.2442748,0.2748091
7454,0.2575684,0.9467773,-0.1503906,-0.480916,-0.7480916,0.8244275
7459,0.2712402,0.9560547,-0.1433105,-1.038168,-0.6870229,0.832061
7504,0.2756348,0.9487305,-0.1445313,-0.9923664,-0.4122138,0.7099237
7486,0.2751465,0.9477539,-0.1542969,-0.9389313,-0.4656488,0.5801527
7483,0.2770996,0.9472656,-0.1442871,-0.8854962,-0.4122138,0.4351145
7451,0.2719727,0.9489746,-0.140625,-1.076336,-0.2442748,0.1755725
7498,0.2744141,0.9501953,-0.1499023,-0.7633588,-0.2671756,0.2519084
7477,0.2736816,0.9506836,-0.1413574,-0.8244275,-0.3358779,0.03816794
7520,0.269043,0.9523926,-0.144043,-0.9236641,-0.5801527,0.07633588
7464,0.2670898,0.9475098,-0.1479492,-0.8625955,-0.4656488,0.08396947
7782,1.01416,0.8188477,0.002197266,116.3206,250.1298,-56.15267
7575,0.9755859,0.7421875,-0.2902832,56.78626,128.8779,-66.62595
7485,0.3852539,0.7316895,-0.4443359,38.29771,54.56488,-98.0
7503,0.1435547,1.066406,-0.1687012,19.0,-14.35878,-69.41985
7509,-0.1938477,0.8754883,-0.4052734,13.81679,22.70992,-42.22901
7508,-0.1433105,1.024414,-0.1987305,11.9084,6.908397,-8.679389
7479,0.2214355,0.9672852,-0.2456055,0.832061,-15.38931,-12.38168
7507,-0.0871582,1.023438,-0.1804199,5.885496,-0.3587786,-3.068702
7511,0.03076172,0.9858398,-0.2524414,4.603054,0.4961832,6.78626
7512,0.0637207,0.994873,-0.2897949,-1.618321,-3.618321,15.25954
7464,0.05493164,0.9748535,-0.2722168,-9.229008,1.290076,23.41221
7499,0.1833496,0.9458008,-0.251709,-13.82443,-0.9312977,26.27481
7502,0.2236328,0.9577637,-0.2058105,-15.54198,3.152672,26.54962
7500,0.2512207,0.9519043,-0.1887207,-16.64886,3.236641,26.25191
7485,0.2565918,0.9509277,-0.1730957,-17.0,3.503817,26.89313
7459,0.3037109,0.9382324,-0.2180176,-17.92366,0.9312977,27.33588
7848,0.342041,0.9455566,-0.1435547,-21.70229,0.3435115,25.86259
7506,0.388916,0.9245605,-0.07299805,-21.27481,2.21374,22.74046
7478,0.3908691,0.9255371,-0.03149414,-16.1145,3.740458,17.64886
7470,0.4013672,0.909668,0.01611328,-8.564885,-0.7099237,11.1374
7440,0.4003906,0.9365234,0.03466797,0.129771,-1.419847,4.977099
7484,0.3994141,0.9294434,-0.005126953,6.854962,-2.366412,-1.832061
7518,0.3891602,0.9233398,-0.08935547,10.35114,-3.534351,-6.748092
7523,0.3410645,0.9353027,-0.1147461,11.85496,-2.21374,-9.40458
7521,0.3173828,0.9353027,-0.1618652,11.08397,-2.053435,-10.76336
7501,0.2944336,0.9404297,-0.1723633,9.022901,-2.145038,-10.79389
7496,0.2788086,0.9477539,-0.168457,7.687023,-2.496183,-10.52672
7498,0.269043,0.9477539,-0.1635742,6.114504,-1.89313,-10.0687
7526,0.2590332,0.9509277,-0.1640625,5.244275,-1.496183,-9.740458
7466,0.2424316,0.9550781,-0.1794434,4.251908,-0.7480916,-8.854961
7489,0.2370605,0.954834,-0.2006836,2.671756,-0.5572519,-7.946565
7475,0.2302246,0.9560547,-0.2124023,-0.1679389,-0.3358779,-5.267176
7864,0.2556152,0.9536133,-0.1140137,-2.778626,-0.5343512,3.900763
7540,0.276123,0.9414063,-0.1345215,-1.80916,-0.5114504,3.877863
7524,0.2946777,0.9455566,-0.1386719,-1.587786,-0.6030535,2.877863
7446,0.307373,0.9445801,-0.1513672,-1.396947,-0.7099237,0.7175572
7513,0.3186035,0.9438477,-0.1416016,-1.694656,-0.480916,-1.076336
7507,0.2946777,0.9416504,-0.1359863,-0.8549618,-0.4198473,-1.854962
7527,0.2785645,0.9445801,-0.1325684,-0.09923664,-0.5877862,-2.030534
7466,0.2680664,0.9489746,-0.1408691,0.4198473,-1.007634,-1.343511
7502,0.2609863,0.9467773,-0.1481934,0.9236641,-0.8778625,-0.648855
7472,0.2607422,0.9467773,-0.1530762,0.4656488,-0.7022901,0.1221374
7500,0.2719727,0.9477539,-0.1655273,-0.1908397,-0.8167939,0.03816794
7494,0.2675781,0.951416,-0.152832,-0.8625955,0.02290076,0.3053435
7477,0.2646484,0.9504395,-0.140625,-1.274809,-0.4732824,0.5572519
7470,0.2641602,0.9423828,-0.151123,-1.290076,-0.2900764,0.7709923
7480,0.2709961,0.9477539,-0.1408691,-0.5572519,-0.5038168,0.832061
7878,0.28125,0.9467773,-0.1408691,-0.4427481,-0.480916,0.648855
7524,0.2832031,0.942627,-0.1467285,-0.870229,-0.6030535,0.2671756
7488,0.2810059,0.9438477,-0.1452637,-0.778626,-0.4961832,-0.1450382
15925,0.276123,0.9484863,-0.1435547,-0.6412213,-0.5572519,-0.4656488
7509,0.2644043,0.951416,-0.1520996,-0.1755725,-0.6183206,-0.3740458
7527,0.269043,0.9477539,-0.1547852,-0.4961832,-0.4351145,-0.1679389
7480,0.2675781,0.9541016,-0.1564941,-0.6946565,-0.2748091,0.2442748
7485,0.2731934,0.9526367,-0.1621094,-1.167939,-0.4732824,0.389313
7539,0.276123,0.9489746,-0.1486816,-1.328244,-0.2213741,0.3664122
7500,0.2663574,0.9438477,-0.1474609,-1.183206,-0.4198473,0.4274809
7508,0.2780762,0.9436035,-0.1428223,-1.007634,-0.6412213,0.5343512
7451,0.2749023,0.9472656,-0.1455078,-0.6870229,-0.4656488,0.2442748
7515,0.2802734,0.9489746,-0.1369629,-0.5114504,-0.4580153,-0.0610687
7493,0.2839355,0.9445801,-0.1401367,-0.2442748,-0.3664122,-0.1832061
7519,0.276123,0.9450684,-0.1452637,-0.480916,-0.832061,-0.5267176
7732,0.8803711,0.8491211,-0.2236328,107.9695,250.1298,-36.32824
7495,0.9423828,0.8266602,-0.2124023,54.82443,158.8626,-62.87786
7473,0.2995605,0.7958984,-0.364502,35.67176,47.72519,-80.10687
7522,0.3093262,0.9660645,-0.2099609,5.229008,-24.32825,-64.83969
7486,-0.1459961,0.9858398,-0.3129883,13.26718,7.610687,-40.9084
7505,-0.09545898,1.059814,-0.1286621,10.30534,17.9313,-21.84733
7503,0.1657715,0.9182129,-0.2636719,-2.076336,-6.61832,-15.22137
7529,0.0559082,0.9677734,-0.248291,1.78626,-4.21374,-4.633588
7460,-0.0390625,1.029297,-0.1757813,0.740458,2.854962,6.824428
7498,0.0480957,0.9812012,-0.2072754,-5.114504,-1.381679,15.73282
7531,0.09619141,0.9772949,-0.2053223,-6.717557,0.4122138,22.89313
7507,0.1638184,0.9731445,-0.1804199,-8.236641,-2.0,26.9084
7480,0.2019043,0.9533691,-0.1887207,-7.679389,-0.870229,30.16031
7468,0.237793,0.9863281,-0.1835938,-10.10687,-0.9770992,31.83969
7492,0.3059082,0.9379883,-0.171875,-13.81679,0.01526718,31.50382
7460,0.3640137,0.911377,-0.1650391,-15.45038,0.8778625,29.32061
7859,0.3566895,0.9199219,-0.09130859,-11.53435,2.59542,26.35878
7470,0.3684082,0.9328613,-0.03808594,-9.633588,0.961832,23.59542
7535,0.4169922,0.9125977,-0.03540039,-6.145038,-1.221374,16.9542
7520,0.4353027,0.9179688,-0.03833008,-0.1221374,-1.091603,9.167939
7465,0.4663086,0.9104004,-0.05664063,4.328244,-1.977099,-0.07633588
7464,0.421875,0.9169922,-0.1364746,5.114504,-2.671756,-6.954198
7487,0.3476563,0.9277344,-0.1672363,4.519084,-2.122137,-9.21374
7470,0.3027344,0.9399414,-0.1569824,3.557252,-0.03053435,-9.061069
7500,0.2834473,0.9460449,-0.1552734,3.122137,-0.9007633,-8.328244
7477,0.2536621,0.9511719,-0.140625,2.519084,-0.9083969,-6.053435
7510,0.2504883,0.9465332,-0.1547852,1.740458,-1.183206,-3.40458
7517,0.2490234,0.9506836,-0.1638184,1.770992,-1.129771,-1.618321
7512,0.2797852,0.9470215,-0.1552734,1.274809,-1.312977,-0.7022901
7506,0.2746582,0.9462891,-0.1713867,0.5877862,-0.5267176,0.259542
7516,0.2587891,0.9477539,-0.1689453,-1.137405,-0.09923664,1.839695
7474,0.276123,0.9404297,-0.1586914,-2.389313,-0.1603053,3.099237
7880,0.315918,0.9367676,-0.1469727,-0.519084,-0.5419847,0.3206107
7551,0.317627,0.9418945,-0.1386719,-0.7022901,-0.5801527,-0.6870229
7504,0.3144531,0.9372559,-0.1357422,-0.6717557,-0.5954198,-1.305344
7517,0.3034668,0.9406738,-0.140625,-0.4045802,-0.4427481,-1.557252
7504,0.296875,0.942627,-0.1367188,-0.2442748,-0.6870229,-1.389313
7487,0.2883301,0.9450684,-0.1428223,-0.5496183,-0.480916,-0.5419847
7496,0.2888184,0.9472656,-0.1577148,-0.740458,-0.3282443,0.1603053
7539,0.2885742,0.9462891,-0.1479492,-0.8625955,-0.5038168,0.6412213
7504,0.2907715,0.9411621,-0.1494141,-1.435114,-0.3969466,1.076336
7500,0.2941895,0.9428711,-0.1467285,-1.717557,-0.2290076,1.053435
7482,0.3061523,0.9348145,-0.1330566,-1.358779,-0.4503817,0.9770992
7492,0.3051758,0.9436035,-0.1289063,-0.7480916,-0.4885496,0.8778625
7480,0.3063965,0.9360352,-0.1352539,-0.3358779,-0.5496183,0.5343512
7498,0.3078613,0.9428711,-0.1330566,-0.1526718,-0.5954198,-0.04580153
7495,0.3071289,0.9428711,-0.1442871,-0.3664122,-0.5648855,-0.5648855
7902,0.3000488,0.9411621,-0.1420898,-0.2137404,-0.7328244,-0.7175572
7575,0.2954102,0.9387207,-0.1352539,-0.3282443,-0.5572519,-0.7862596
7518,0.2907715,0.9467773,-0.140625,-0.1908397,-0.6183206,-0.519084
7495,0.2895508,0.9401855,-0.135498,-0.2213741,-0.6641222,-0.2748091
7434,0.4333496,0.9055176,-0.06152344,107.1069,250.1298,-35.36641
7492,0.9472656,0.7270508,-0.4963379,59.16794,198.8473,-86.91603
7486,0.002685547,0.8530273,-0.4428711,31.28244,50.90076,-56.77099
7470,0.1469727,0.9658203,-0.1767578,13.99237,14.58015,-42.61069
7507,0.03369141,0.9160156,-0.2434082,3.763359,1.290076,-41.17557
7543,0.0234375,0.9736328,-0.2141113,4.900764,0.7099237,-25.0
7524,0.1054688,1.011719,-0.166748,-4.030534,-6.10687,-19.94657
7496,0.02661133,0.9790039,-0.1936035,-0.7099237,1.022901,-10.72519
7495,0.02514648,1.009521,-0.1520996,-0.778626,0.9847328,1.351145
7440,0.03100586,0.9885254,-0.1801758,0.2977099,0.648855,13.20611
7520,0.09594727,0.987793,-0.1408691,-1.847328,-0.5954198,21.49618
7453,0.1816406,0.9638672,-0.1408691,-3.770992,-3.679389,25.55725
7869,0.2180176,0.9335938,-0.229248,-6.51145,0.05343511,29.87786
7553,0.3171387,0.9294434,-0.2028809,-7.854962,-1.70229,29.51145
7526,0.3251953,0.939209,-0.1608887,-11.14504,-8.282443,31.20611
7509,0.333252,0.9455566,-0.2878418,-4.641222,1.320611,29.70229
15905,0.3308105,0.9316406,-0.1030273,-6.427481,0.7022901,30.22137
7511,0.480957,0.9038086,-0.06933594,-3.099237,-3.030534,13.19847
7504,0.5307617,0.8862305,-0.1254883,-0.2519084,-1.183206,-0.6030535
7499,0.4794922,0.9086914,-0.140625,1.587786,-0.4351145,-7.908397
7468,0.3508301,0.9414063,-0.1496582,1.183206,0.5877862,-9.015267
7463,0.3015137,0.9365234,-0.1425781,0.09923664,0.1068702,-7.770992
7452,0.3029785,0.9431152,-0.121582,1.862595,-1.061069,-7.396946
7455,0.2849121,0.956543,-0.119873,2.78626,-1.030534,-6.641222
7528,0.263916,0.9445801,-0.1660156,1.770992,-0.5114504,-4.969466
7507,0.2492676,0.942627,-0.1801758,0.9160305,-0.4122138,-2.183206
7468,0.2519531,0.9580078,-0.1674805,-0.2366412,-0.8015267,0.2748091
7870,0.2536621,0.9562988,-0.1523438,-1.0,-0.1374046,3.122137
7552,0.2807617,0.9326172,-0.145752,-2.083969,-0.01526718,4.526718
7477,0.3059082,0.940918,-0.1513672,-1.435114,-0.3664122,4.229008
7478,0.331543,0.9348145,-0.1381836,-1.10687,-0.1450382,2.778626
7505,0.3398438,0.9284668,-0.1501465,-0.4274809,-0.4045802,0.9847328
7509,0.3430176,0.9360352,-0.1315918,-0.09160305,-0.5496183,-0.1755725
7538,0.3312988,0.9282227,-0.1352539,0.0610687,-0.5572519,-1.549618
7539,0.3237305,0.9387207,-0.1459961,0.2519084,-0.7557252,-2.305344
7453,0.3098145,0.9436035,-0.1591797,0.3969466,-1.0,-2.335878
7493,0.2988281,0.9389648,-0.1586914,0.2824428,-0.6412213,-1.641221
7532,0.291748,0.9436035,-0.1606445,-0.3969466,-0.5114504,-0.740458
7481,0.2790527,0.9416504,-0.1638184,-1.251908,-0.3435115,0.2748091
7478,0.2883301,0.9414063,-0.1494141,-1.282443,-0.3053435,1.175573
7475,0.2915039,0.9418945,-0.1540527,-1.259542,-0.1374046,1.343511
7455,0.3029785,0.9384766,-0.1464844,-1.648855,0.007633588,1.419847
7474,0.3071289,0.9445801,-0.1547852,-1.320611,-0.1755725,1.282443
7848,0.3061523,0.9384766,-0.1496582,0.0610687,0.5725191,-1.389313
7545,0.3012695,0.947998,-0.1472168,0.5267176,0.3129771,-1.137405
7524,0.2993164,0.9382324,-0.1535645,-0.3587786,-0.03053435,-0.5954198
7512,0.2929688,0.942627,-0.1535645,-0.3587786,-0.6335878,-0.2366412
7462,0.3000488,0.9348145,-0.1464844,-0.5725191,-0.08396947,0.09923664
7483,0.2932129,0.9404297,-0.1477051,-0.740458,-0.4885496,0.2671756
7509,0.3017578,0.9411621,-0.1472168,-0.5877862,-0.4427481,0.7175572
7450,0.3105469,0.9433594,-0.1452637,-0.2824428,-0.6259542,0.480916
7473,0.3081055,0.9372559,-0.1496582,-0.5267176,-0.3664122,0.1603053
7474,0.3146973,0.934082,-0.1484375,-0.8244275,-0.5801527,-0.09923664
7488,0.3095703,0.940918,-0.140625,-0.4198473,-0.6335878,-0.1984733
7484,0.3029785,0.9370117,-0.1386719,-0.8167939,-0.3282443,-0.519084
7499,0.307373,0.9384766,-0.1445313,-0.4503817,-0.6946565,-0.3587786
7512,0.2998047,0.9401855,-0.1506348,-0.6793893,-0.480916,-0.2748091
7460,0.3034668,0.9453125,-0.1479492,-0.832061,-0.5114504,0.1679389
7860,0.2922363,0.9428711,-0.1442871,-0.961832,-0.05343511,0.4045802
7568,0.3022461,0.9387207,-0.1486816,-1.022901,-0.3740458,0.4122138
7474,0.307373,0.9350586,-0.1599121,-1.183206,0.1068702,-0.03053435
7446,0.3046875,0.9404297,-0.1345215,-0.6641222,-0.03053435,0.2137404
7529,0.307373,0.9394531,-0.1445313,-0.6412213,-0.04580153,-0.2061069
7483,0.3117676,0.9372559,-0.1420898,-0.2671756,-0.3129771,-0.2519084
7505,0.302002,0.9365234,-0.1479492,-0.3282443,-0.4274809,-0.3206107
7485,0.298584,0.9436035,-0.1467285,-0.5114504,-0.4580153,-0.4198473
7471,-0.1391602,1.18457,-0.2473145,135.1985,250.1298,2.503817
7478,0.6293945,0.6665039,-0.2800293,84.32825,250.1298,-36.91603
7462,1.42334,0.8513184,0.6855469,41.30534,69.70229,-51.20611
7483,0.1384277,0.9311523,-0.4597168,25.55725,58.77099,-64.50381
7522,0.1430664,1.041504,-0.3410645,1.145038,-8.854961,-39.29771
7507,-0.1137695,0.9489746,-0.3691406,-7.343512,-15.38931,13.40458
7521,0.1557617,1.195068,-0.1923828,-13.00763,-20.0,0.9694656
7862,0.07958984,0.9941406,-0.04394531,-8.106871,-4.503817,-2.763359
7507,0.1166992,0.8933105,-0.08618164,-15.59542,77.45038,-18.12214
7466,0.08325195,1.122559,0.04589844,-1.877863,-15.32824,15.16031
7483,0.04516602,1.010254,-0.06933594,11.75572,-2.587786,20.63359
7470,0.1914063,0.9277344,-0.2006836,7.183206,-8.893129,23.67175
7456,0.2382813,0.958252,-0.2680664,7.061069,-6.221374,25.34351
7493,0.2905273,0.9206543,-0.3195801,-1.916031,-1.839695,23.43511
7476,0.2902832,0.9309082,-0.3063965,-6.717557,5.221374,21.85496
7482,0.2841797,0.9528809,-0.197998,-10.67176,3.343511,27.84733
7486,0.2993164,0.9394531,-0.1303711,-9.496183,-0.4656488,30.03053
7478,0.4084473,0.9301758,-0.07763672,-5.694656,-3.793893,21.93893
7512,0.5161133,0.9023438,-0.1020508,-4.053435,-4.328244,8.977099
7508,0.5131836,0.9067383,-0.1262207,-1.801527,-1.0,-2.389313
7497,0.4060059,0.9233398,-0.1218262,0.09160305,-1.748092,-5.78626
7522,0.3178711,0.9321289,-0.1337891,1.160305,-2.244275,-5.244275
7475,0.3427734,0.9367676,-0.1503906,3.343511,-1.664122,-7.755725
7863,0.3583984,0.9287109,-0.1872559,2.0,3.366412,-12.54198
7556,0.2946777,0.9538574,-0.1804199,-0.9312977,-2.015267,-11.10687
7489,0.2399902,0.9536133,-0.1564941,-1.290076,-0.5419847,-8.687023
7529,0.2089844,0.956543,-0.1411133,-0.8854962,-0.01526718,-4.244275
7490,0.2182617,0.965332,-0.1442871,0.3969466,-1.129771,-0.3816794
7469,0.2172852,0.954834,-0.1555176,0.1221374,-0.7862596,3.015267
7486,0.2387695,0.9438477,-0.1708984,-0.01526718,-0.351145,5.129771
15918,0.2827148,0.9311523,-0.1699219,-0.9160305,0.1221374,5.152672
7466,0.329834,0.9353027,-0.1657715,-1.51145,0.6259542,3.541985
7509,0.3415527,0.9326172,-0.1557617,-1.961832,-0.1679389,1.603053
7488,0.3417969,0.9311523,-0.1464844,-1.396947,-0.3740458,-0.04580153
7498,0.3415527,0.9294434,-0.1472168,-0.9541985,-0.5419847,-1.473282
7517,0.3269043,0.9345703,-0.1506348,-0.480916,-0.5954198,-2.572519
7528,0.3015137,0.9414063,-0.1550293,-0.08396947,-0.8244275,-2.946565
7531,0.2878418,0.9411621,-0.1672363,-0.389313,-0.8931297,-2.114504
7491,0.2709961,0.9438477,-0.1640625,-0.4580153,-0.6335878,-0.9083969
7920,0.3059082,0.940918,-0.1447754,-0.7175572,-0.2900764,1.717557
7567,0.3232422,0.9384766,-0.1540527,-0.2900764,-0.7938931,0.5801527
7483,0.3168945,0.9379883,-0.1535645,-0.3206107,-0.7175572,-0.4198473
7482,0.3139648,0.9448242,-0.1533203,-0.3740458,-0.4122138,-1.160305
7503,0.2998047,0.9365234,-0.1552734,-0.6870229,-0.5801527,-1.129771
7500,0.2902832,0.9418945,-0.1535645,-0.5725191,-0.3969466,-0.9465649
7534,0.2885742,0.942627,-0.1616211,-0.6412213,-0.5801527,-0.5343512
7472,0.2780762,0.9445801,-0.1689453,-0.6183206,-0.4732824,0.1755725
7509,0.2851563,0.9377441,-0.1599121,-0.9312977,-0.5648855,0.6717557
7461,0.295166,0.9394531,-0.1494141,-1.030534,-0.351145,1.137405
7490,0.2971191,0.9350586,-0.1540527,-1.114504,-0.1145038,0.5877862
7502,0.2980957,0.9396973,-0.1589355,-0.9083969,-0.2824428,0.1145038
7496,0.3068848,0.9387207,-0.1523438,-0.3206107,-0.4732824,0.01526718
7490,0.3012695,0.9404297,-0.1462402,-0.5801527,-0.4656488,-0.6030535
7499,0.2998047,0.9389648,-0.1623535,-0.610687,-0.3816794,-0.6335878
7902,0.2929688,0.9416504,-0.1552734,-0.5114504,-0.351145,-0.3969466
7546,0.2944336,0.9367676,-0.1496582,-0.519084,-0.5648855,-0.1679389
7537,0.2944336,0.9377441,-0.161377,-0.5038168,-0.4503817,0.1832061
7486,0.2890625,0.9404297,-0.1542969,-0.6259542,-0.5572519,0.4122138
7484,0.3012695,0.9458008,-0.1586914,-0.4122138,-0.3664122,0.2519084
7483,0.2973633,0.9436035,-0.1582031,-0.5496183,-0.5419847,0.3664122
7478,0.3894043,1.018311,-0.2902832,86.16794,250.1298,-27.87023
7473,0.6069336,0.8449707,-0.550293,118.8168,250.1298,-25.61069
7479,1.594727,0.5512695,-0.1682129,25.67175,58.58015,-70.79389
7477,0.01049805,0.8713379,-0.4892578,26.9542,39.96947,-61.80916
7464,0.1855469,1.177979,-0.2277832,3.656489,-4.038168,-35.54962
7494,-0.04516602,0.8496094,-0.4296875,-17.19847,-28.26718,2.427481
7488,-0.04931641,0.9685059,-0.197998,-21.52672,-4.61832,23.62595
7454,0.2060547,0.9978027,-0.04394531,-16.23664,22.07634,21.08397
7489,0.1025391,0.824707,0.1796875,-11.41221,4.61832,5.633588
7829,0.1601563,0.9770508,0.1000977,6.755725,-0.4732824,14.75572
7578,0.2050781,0.9655762,-0.06713867,7.282443,-5.877862,18.18321
7498,0.2412109,0.9855957,-0.1291504,10.54198,-5.908397,16.09924
7458,0.2207031,0.9265137,-0.2880859,13.43511,2.938931,17.32825
7502,0.2478027,0.953125,-0.2875977,4.068702,3.610687,17.73282
7475,0.2634277,0.8840332,-0.2587891,-4.519084,3.984733,17.48855
7477,0.2663574,0.963623,-0.3510742,0.2137404,-5.412214,34.33588
7463,0.3515625,0.9521484,0.05761719,-5.335878,5.282443,22.89313
7490,0.4172363,0.9042969,-0.1772461,-5.870229,6.0,3.374046
7461,0.4819336,0.9165039,-0.1499023,-4.839694,-0.01526718,-1.122137
7491,0.3967285,0.9472656,-0.09985352,0.7022901,-0.740458,-4.541985
7510,0.3474121,0.9553223,0.0546875,3.167939,0.4885496,-3.19084
7463,0.3149414,0.9313965,-0.262207,0.7480916,-1.633588,-4.61832
7494,0.3134766,0.9570313,-0.2150879,0.2137404,-1.824428,-5.412214
7516,0.2866211,0.9609375,-0.2216797,-2.152672,-1.503817,-4.839694
7493,0.2536621,0.9328613,-0.1999512,-3.152672,0.1068702,-3.290076
7854,0.2658691,0.9445801,-0.1635742,-3.427481,0.2290076,-2.641221
7570,0.2875977,0.9516602,-0.1516113,-1.137405,-0.3435115,-2.473282
7503,0.2512207,0.9494629,-0.1323242,-0.3664122,-1.51145,-0.9694656
7479,0.2478027,0.9572754,-0.1674805,0.7709923,-1.175573,1.19084
7486,0.2641602,0.949707,-0.1711426,1.236641,-0.832061,2.236641
7488,0.2749023,0.9445801,-0.1999512,-0.4656488,-0.6564885,2.198473
7490,0.2941895,0.9360352,-0.1906738,-1.603053,-0.1755725,2.274809
7525,0.2875977,0.9433594,-0.1782227,-1.778626,-0.03053435,1.770992
7489,0.3081055,0.9453125,-0.1594238,-1.114504,-0.2671756,0.9923664
7533,0.3144531,0.9377441,-0.1645508,-0.1526718,-0.4885496,-0.0610687
7472,0.307373,0.9401855,-0.1630859,0.3664122,-0.7709923,-1.083969
7526,0.2944336,0.9482422,-0.1848145,-0.1755725,-0.6259542,-1.129771
7489,0.2905273,0.9433594,-0.1853027,-0.6946565,-0.3282443,-0.9083969
7486,0.2817383,0.9418945,-0.1784668,-1.251908,-0.3053435,-1.061069
7526,0.282959,0.9487305,-0.1677246,-1.801527,-0.2900764,-0.8854962
7871,0.2753906,0.9504395,-0.1601563,-0.6793893,-0.4427481,-0.5038168
7872,0.2841797,0.9433594,-0.1750488,-0.7862596,-0.6564885,0.7709923
7527,0.2893066,0.9438477,-0.1757813,-0.8625955,-0.5343512,0.5038168
7523,0.2910156,0.9462891,-0.1728516,-0.832061,-0.5267176,0.3053435
7512,0.2958984,0.9377441,-0.1696777,-0.610687,-0.4961832,-0.03816794
7516,0.2956543,0.9455566,-0.1660156,-0.519084,-0.6030535,-0.4961832
7496,0.2958984,0.9484863,-0.1723633,-0.6793893,-0.6259542,-0.6259542
7480,0.284668,0.9443359,-0.1789551,-0.9694656,-0.3969466,-0.6030535
7510,0.2858887,0.9440918,-0.171875,-1.045802,-0.2290076,-0.2900764
15928,0.2844238,0.9475098,-0.1633301,-1.083969,-0.5725191,-0.3969466
7500,0.2773438,0.9509277,-0.1662598,-0.3206107,-0.5267176,0.1450382
7468,0.2844238,0.9418945,-0.1809082,-0.519084,-0.4732824,0.3435115
7492,0.2851563,0.9506836,-0.1789551,-0.3358779,-0.4351145,0.389313
7497,0.2919922,0.9406738,-0.1796875,-0.8167939,-0.5038168,0.3969466
7500,0.2912598,0.9467773,-0.1665039,-0.7862596,-0.351145,0.2366412
7862,0.2922363,0.9406738,-0.1687012,-0.6946565,-0.5114504,0.03053435
7515,0.2946777,0.9423828,-0.1730957,-0.5877862,-0.6183206,-0.2137404
7489,0.2890625,0.9423828,-0.166748,-0.610687,-0.5954198,-0.3358779
7508,0.2849121,0.9399414,-0.1811523,-0.7480916,-0.4503817,-0.3816794
7509,0.2827148,0.9477539,-0.1730957,-0.7328244,-0.5419847,-0.1603053
7471,0.2849121,0.9414063,-0.166748,-0.7938931,-0.4885496,-0.129771
7488,0.2788086,0.9433594,-0.1716309,-0.7175572,-0.5038168,-0.03053435
7501,0.282959,0.9482422,-0.1574707,-0.5877862,-0.4656488,0.3206107
7489,0.2961426,0.9475098,-0.1682129,-0.4045802,-0.3816794,0.2519084
7506,0.2851563,0.9406738,-0.1679688,-0.2977099,-0.5343512,0.2366412
7444,0.2885742,0.9421387,-0.1662598,-0.7022901,-0.1374046,0.1450382
7490,0.579834,0.8647461,-0.2351074,85.35114,250.1298,-72.21374
7502,1.468262,0.9467773,-0.1999512,6.374046,19.33588,-58.83969
7464,0.1201172,1.212891,-0.6083984,20.69466,35.48092,-50.0458
7481,0.02099609,1.057617,-0.3266602,8.671756,17.57252,-22.57252
7509,-0.1984863,1.13916,-0.3095703,-9.793893,15.38168,38.49618
7858,0.03759766,0.9467773,-0.1386719,-32.61832,5.900764,7.244275
7492,0.1374512,1.038818,0.0612793,-15.96183,3.007634,13.31298
7521,0.2143555,0.970459,0.07202148,0.610687,-3.832061,18.69466
7410,0.2514648,0.9560547,0.02001953,13.44275,-11.1145,21.19084
7485,0.2478027,0.9682617,-0.09423828,17.91603,-13.76336,26.51908
7468,0.2526855,0.9243164,-0.2617188,20.09924,-3.229008,22.20611
7477,0.2763672,0.9460449,-0.3251953,8.061069,-2.236641,22.29008
7491,0.168457,1.04126,-0.4211426,3.847328,0.7251908,25.35114
7521,0.3984375,0.8806152,-0.3041992,-11.27481,8.526717,10.18321
7473,0.4765625,0.9714355,-0.1723633,-12.21374,6.51145,2.740458
7494,0.4238281,0.904541,-0.1398926,-13.42748,2.687023,-2.343511
7442,0.3791504,0.9291992,-0.06176758,-1.374046,-0.03816794,-3.618321
7524,0.2819824,0.9489746,-0.05541992,7.290076,-1.847328,-3.832061
7482,0.2612305,0.9350586,-0.1604004,3.572519,-4.129771,-2.755725
7500,0.2888184,0.935791,-0.2241211,4.61832,-0.7480916,-2.755725
7478,0.2666016,0.9472656,-0.2231445,0.03053435,-2.48855,-1.274809
7857,0.2543945,0.9536133,-0.1938477,-2.389313,0.01526718,0.8091603
7547,0.2636719,0.9621582,-0.166748,-0.519084,0.8167939,1.885496
7444,0.2961426,0.9387207,-0.1577148,-1.129771,0.9770992,0.6946565
7496,0.2980957,0.9487305,-0.1481934,0.4885496,-0.3358779,0.7099237
7474,0.2939453,0.9436035,-0.1679688,1.778626,-1.198473,1.038168
7512,0.2929688,0.9338379,-0.2028809,-0.3282443,-1.030534,0.740458
7513,0.2888184,0.9377441,-0.2099609,-0.1755725,-0.4961832,0.740458
7502,0.2978516,0.9428711,-0.1828613,-2.152672,-0.2061069,0.5572519
7477,0.3037109,0.9394531,-0.1743164,-2.21374,-0.4961832,-0.2137404
7503,0.3005371,0.9389648,-0.1655273,-0.9923664,-0.2442748,-1.10687
7520,0.2890625,0.9414063,-0.1706543,-0.03053435,-0.7251908,-1.038168
7477,0.2849121,0.9433594,-0.1787109,0.007633588,-0.8015267,-0.6793893
7511,0.282959,0.9455566,-0.1911621,-0.08396947,-0.5725191,-0.4122138
7522,0.2744141,0.9467773,-0.1870117,-0.9770992,-0.3587786,-0.1068702
7508,0.2766113,0.9501953,-0.1779785,-1.152672,-0.4732824,0.8244275
7862,0.2910156,0.9416504,-0.1809082,-0.09923664,-0.6564885,0.1679389
7532,0.2854004,0.9379883,-0.1887207,-0.7633588,-0.4198473,-0.2137404
7515,0.2878418,0.9343262,-0.1804199,-1.221374,-0.3206107,-0.4503817
7514,0.2834473,0.9431152,-0.1716309,-1.160305,-0.3358779,-0.2366412
7483,0.2907715,0.9370117,-0.168457,-0.740458,-0.5725191,-0.07633588
7494,0.2849121,0.9416504,-0.1682129,-0.2748091,-0.8167939,-0.3206107
7486,0.2849121,0.940918,-0.1787109,-0.0610687,-0.4732824,0.0610687
7526,0.2907715,0.9377441,-0.1755371,-0.7022901,-0.7633588,0.3740458
7474,0.2856445,0.9492188,-0.1774902,-0.8091603,-0.5572519,0.2290076
7474,0.2900391,0.940918,-0.1799316,-0.9541985,-0.5038168,0.1221374
7486,0.2937012,0.940918,-0.1652832,-0.5648855,-0.4885496,0.1450382
7487,0.2875977,0.9492188,-0.1743164,-0.4503817,-0.4503817,-0.1068702
7518,0.2868652,0.9438477,-0.1828613,-0.2366412,-0.4961832,-0.1145038
7459,0.2866211,0.9384766,-0.1835938,-0.5343512,-0.4885496,0.03816794
7520,0.2824707,0.9428711,-0.1882324,-0.5496183,-0.389313,-0.01526718
7875,0.2849121,0.9465332,-0.1806641,-0.961832,-0.4045802,0.01526718
7534,0.2878418,0.932373,-0.1821289,-0.9083969,-0.5419847,0.02290076
7523,0.2880859,0.9450684,-0.1767578,-0.6717557,-0.7099237,0.0
7493,0.2895508,0.9431152,-0.1738281,-0.5648855,-0.480916,-0.09160305
7512,0.2880859,0.9475098,-0.1828613,-0.8396947,-0.7251908,-0.05343511
7476,0.2797852,0.9431152,-0.1821289,-0.740458,-0.3969466,-0.06870229
7464,0.02246094,1.024414,0.2941895,139.4198,250.1298,10.22901
7495,0.439209,0.7961426,-0.2336426,124.0534,250.1298,-36.43512
7452,0.8994141,0.5720215,-0.4533691,22.94657,-2.954198,-62.87786
7483,-0.1452637,0.857666,-0.6525879,14.59542,49.53435,-56.74046
7474,-0.5048828,1.072266,-0.2756348,-4.923664,29.15267,28.22137
7465,0.01123047,1.020508,-0.1657715,-0.1908397,19.28244,40.70992
15873,0.159668,0.9768066,-0.1574707,-1.862595,4.129771,83.0687
7461,0.6691895,0.9299316,-0.1374512,3.48855,-4.442748,48.77863
7486,0.4440918,0.8547363,-0.2109375,0.6412213,-0.5419847,30.83969
7482,0.6311035,0.8803711,-0.2578125,5.641222,-4.900764,10.45038
7852,0.5500488,0.8859863,-0.2624512,2.870229,0.3282443,-6.48855
7571,0.409668,0.9277344,-0.229248,-2.633588,-1.89313,-12.25191
7536,0.2736816,0.9362793,-0.2199707,-5.832061,-1.030534,-9.832061
7491,0.1791992,0.9550781,-0.2062988,-7.022901,-1.076336,-2.740458
7519,0.1621094,0.9760742,-0.1442871,-1.442748,0.7099237,5.091603
7509,0.2424316,0.9677734,-0.08544922,-0.007633588,0.1603053,8.038168
7466,0.3476563,0.9414063,-0.1467285,0.8244275,-1.916031,6.389313
7446,0.4133301,0.8811035,-0.2497559,0.03053435,1.0,1.068702
7503,0.4279785,0.9274902,-0.2138672,0.5267176,-1.335878,-3.877863
7523,0.3615723,0.9418945,-0.1801758,-1.526718,-0.8549618,-5.351145
7501,0.2692871,0.921875,-0.1928711,-1.885496,-1.572519,-3.236641
7468,0.2553711,0.9621582,-0.1826172,0.3587786,-0.4656488,0.2748091
7490,0.2668457,0.9423828,-0.1948242,-1.175573,-0.9541985,2.160305
7477,0.3100586,0.9404297,-0.171875,-0.1221374,0.6412213,2.206107
7507,0.3474121,0.9179688,-0.201416,-1.618321,-0.5572519,0.3664122
7889,0.3630371,0.9306641,-0.2028809,-0.9541985,-1.305344,-1.954198
7572,0.3254395,0.9372559,-0.1901855,-1.503817,-0.9236641,-2.290076
7537,0.296875,0.9372559,-0.1940918,-1.793893,-0.9160305,-1.229008
7465,0.2907715,0.935791,-0.1936035,-1.29771,-0.5419847,0.4274809
7457,0.3010254,0.9421387,-0.1804199,-0.3053435,-0.2900764,1.770992
7454,0.3161621,0.9326172,-0.1804199,0.08396947,-0.4198473,1.152672
7518,0.3354492,0.9226074,-0.1984863,-0.3053435,-0.7557252,-0.06870229
7528,0.3312988,0.927002,-0.2053223,-0.2137404,-0.4122138,-0.480916
7499,0.3100586,0.9345703,-0.1904297,-0.8396947,-0.03053435,-0.1068702
7486,0.3095703,0.9384766,-0.1977539,-0.9694656,-0.6335878,0.2519084
7482,0.3122559,0.9313965,-0.171875,-0.6564885,-0.1984733,0.4351145
7458,0.3193359,0.947998,-0.1643066,-0.2519084,-0.5801527,0.4580153
7496,0.3188477,0.9233398,-0.1999512,-1.862595,-0.2442748,0.1450382
7452,0.3249512,0.9306641,-0.1928711,0.4503817,-0.6641222,0.05343511
7462,0.3190918,0.939209,-0.1879883,0.01526718,-1.160305,0.2900764
7508,0.307373,0.9240723,-0.2033691,-0.5419847,-0.2213741,0.4961832
7852,0.3251953,0.9294434,-0.1965332,-1.114504,-0.3206107,-0.7480916
7547,0.3261719,0.9367676,-0.1877441,-0.7480916,-0.7938931,-0.4580153
7529,0.3081055,0.9418945,-0.1860352,-0.1221374,-0.6183206,0.1068702
7507,0.3122559,0.9284668,-0.2045898,-0.2442748,-0.6564885,0.5267176
7489,0.3212891,0.9338379,-0.2028809,-0.5725191,-0.4045802,0.3358779
7494,0.3305664,0.9311523,-0.2011719,-0.8931297,-0.6335878,-0.1068702
7482,0.3295898,0.9289551,-0.171875,-1.221374,-0.4122138,-0.1221374
7483,0.3227539,0.9301758,-0.1811523,-0.8625955,-0.6641222,-0.3206107
7502,0.3225098,0.9353027,-0.1872559,-0.5954198,-0.4427481,-0.09160305
7457,0.3149414,0.9326172,-0.2060547,-0.2824428,-0.6870229,0.0
7507,0.3242188,0.9274902,-0.1953125,-0.6335878,-0.8473283,-0.02290076
7514,0.3210449,0.9257813,-0.2075195,-0.9770992,-0.3587786,-0.1908397
7511,0.3234863,0.9399414,-0.1931152,-0.7557252,-0.5877862,0.08396947
7484,0.3110352,0.9353027,-0.1850586,-1.10687,-0.0610687,0.3358779
7862,0.3195801,0.935791,-0.1921387,-0.3435115,-0.3587786,0.1908397
7521,0.3220215,0.9291992,-0.1899414,-0.1145038,-0.519084,0.1374046
7521,0.3212891,0.9318848,-0.2041016,-0.3969466,-0.5877862,0.06870229
7525,0.3212891,0.9375,-0.1965332,-0.5877862,-0.7022901,0.1145038
7492,0.3168945,0.9377441,-0.1989746,-0.9694656,-0.2977099,0.1603053
7460,0.3178711,0.9384766,-0.1813965,-0.8167939,-0.2213741,-0.09923664
7525,0.3210449,0.9326172,-0.1904297,-0.480916,-0.5038168,0.259542
7450,0.3251953,0.9331055,-0.1911621,-0.2290076,-0.519084,0.1832061
7503,0.3217773,0.9333496,-0.1970215,-0.1832061,-0.6183206,0.1450382
7480,0.3198242,0.9375,-0.1984863,-0.5954198,-0.5343512,0.1832061
7500,0.3210449,0.9267578,-0.1931152,-0.870229,-0.09160305,0.08396947
7460,0.7260742,0.8701172,0.2055664,67.52672,250.1298,-38.77863
7482,0.7312012,0.4567871,-0.5378418,8.473283,37.58015,-76.61832
7464,-0.06445313,1.084229,-0.234375,26.96183,52.1832,-84.60305
7446,-0.6281738,0.9406738,-0.4086914,3.755725,33.13741,9.801527
7491,-0.2106934,1.135742,-0.0009765625,-0.1221374,6.877862,39.55725
7844,0.2810059,1.172852,0.03125,18.91603,-1.931298,44.36641
7531,0.1923828,0.8669434,-0.1564941,10.41221,-1.091603,68.44275
7454,0.2084961,0.9394531,-0.2614746,19.78626,6.961832,93.32825
7479,0.5910645,0.8757324,-0.3127441,0.1679389,10.05344,36.82443
7459,0.5629883,0.8078613,-0.3562012,-5.748092,4.564886,12.79389
7510,0.7077637,0.8776855,-0.1977539,-9.114504,1.221374,-7.08397
7467,0.5065918,0.8862305,-0.1357422,-9.671756,-1.977099,-17.10687
7509,0.3120117,0.9104004,-0.1750488,-4.038168,-5.221374,-16.39695
7508,0.1940918,1.005127,-0.04467773,0.7709923,-2.709924,-12.96947
7531,0.1467285,0.9360352,-0.1713867,4.351145,-0.9160305,-4.816794
7488,0.1601563,0.979248,-0.2099609,7.603054,-1.954198,4.748092
7458,0.2299805,0.9584961,-0.2370605,3.442748,-2.076336,8.854961
7474,0.2895508,0.9138184,-0.2841797,-1.549618,0.5801527,9.068703
7475,0.310791,0.9472656,-0.239502,-4.816794,1.694656,7.045802
7438,0.3806152,0.9191895,-0.2192383,-6.496183,1.526718,1.679389
7466,0.347168,0.9274902,-0.1516113,-1.358779,0.0,-3.076336
7875,0.293457,0.9433594,-0.152832,2.496183,-1.152672,-2.366412
7542,0.265625,0.949707,-0.190918,3.122137,-1.458015,-0.2290076
7476,0.2695313,0.9367676,-0.2451172,1.793893,-0.02290076,1.832061
7478,0.3046875,0.9350586,-0.2514648,-1.664122,0.07633588,1.816794
7479,0.3347168,0.9306641,-0.2197266,-3.51145,0.4045802,0.2519084
7500,0.3371582,0.9279785,-0.2011719,-4.572519,-0.1450382,-1.221374
7493,0.3244629,0.9504395,-0.1660156,-1.847328,-1.152672,-1.847328
7517,0.2966309,0.939209,-0.1713867,-0.4961832,-0.9923664,-1.450382
7488,0.2788086,0.9282227,-0.2092285,-0.1221374,-0.7480916,-0.2671756
7461,0.296875,0.9504395,-0.2072754,0.4656488,-0.2671756,0.2671756
7475,0.3059082,0.9375,-0.2058105,-1.587786,-0.3282443,0.2977099
7488,0.315918,0.9316406,-0.2028809,-2.007634,-0.4961832,0.1145038
7519,0.3066406,0.9370117,-0.1867676,-1.427481,-0.480916,0.03053435
7504,0.3115234,0.9396973,-0.182373,-0.1221374,-0.4732824,0.07633588
7476,0.3005371,0.939209,-0.190918,0.3358779,-0.6870229,-0.03053435
7921,0.300293,0.9423828,-0.1984863,-1.244275,-0.9312977,0.09923664
7543,0.3085938,0.9411621,-0.1999512,-0.8244275,-0.5648855,0.4427481
7500,0.3054199,0.9421387,-0.1884766,-1.045802,-0.4580153,0.1679389
7530,0.3054199,0.9262695,-0.171875,-0.6946565,-0.1679389,0.2213741
7466,0.3154297,0.9350586,-0.2026367,0.08396947,-0.9083969,0.4045802
7450,0.3066406,0.9462891,-0.1872559,0.778626,-0.7251908,0.3129771
7455,0.2980957,0.9338379,-0.2026367,-0.2671756,-0.4427481,0.648855
7465,0.3098145,0.9284668,-0.2246094,-0.8396947,-0.4198473,0.3435115
7518,0.3193359,0.9401855,-0.2133789,-1.465649,-0.4961832,0.1526718
7474,0.310791,0.9370117,-0.1879883,-0.9236641,-0.4198473,-0.01526718
7524,0.309082,0.9306641,-0.1884766,-0.9770992,-0.3587786,0.01526718
7481,0.3081055,0.9453125,-0.1943359,-0.351145,-0.5343512,-0.2213741
7498,0.3190918,0.9401855,-0.1977539,0.05343511,-0.6946565,0.0
7496,0.3100586,0.9433594,-0.2087402,-1.007634,-0.3282443,-0.09160305
7493,0.3120117,0.9375,-0.2128906,-1.167939,-0.129771,-0.1145038
7484,0.3051758,0.9440918,-0.2072754,-1.099237,-0.3053435,-0.1755725
7889,0.3022461,0.9467773,-0.190918,-0.8854962,-0.3206107,0.2061069
7532,0.3088379,0.9448242,-0.1904297,-0.610687,-0.2977099,0.1068702
7501,0.3117676,0.9362793,-0.2106934,-1.030534,-0.6335878,-0.1145038
7570,0.3171387,0.9301758,-0.2001953,-1.129771,-0.7709923,-0.4427481
7530,0.3037109,0.9360352,-0.2016602,-1.038168,-0.6030535,-0.4198473
7498,0.2954102,0.9428711,-0.1987305,-0.8396947,-0.6412213,-0.06870229
7444,0.295166,0.9355469,-0.1982422,-0.7099237,-0.648855,0.1908397
7461,0.3041992,0.9414063,-0.2019043,-0.3664122,-0.7328244,0.5343512
7457,0.3081055,0.9316406,-0.206543,-0.2824428,-0.4427481,0.2442748
7510,0.309082,0.9382324,-0.2050781,-0.3435115,-0.5267176,0.02290076
7468,0.3066406,0.9387207,-0.1953125,-0.4656488,-0.7251908,-0.007633588
7485,0.3010254,0.9453125,-0.2043457,-0.5343512,-0.4885496,-0.1068702
7509,0.298584,0.9348145,-0.201416,-1.152672,-0.5496183,0.1679389
7536,0.3029785,0.9355469,-0.1992188,-0.4656488,-0.740458,0.4274809
7533,0.3139648,0.9414063,-0.2011719,-0.05343511,-0.3969466,0.2290076
7821,0.3081055,0.935791,-0.2060547,-0.2213741,-0.4427481,0.2061069
7541,0.3056641,0.9372559,-0.1967773,-0.4427481,-0.778626,0.01526718
7533,0.3051758,0.9396973,-0.1967773,-0.6946565,-0.4961832,0.2213741
7498,0.3012695,0.9345703,-0.1965332,-0.9389313,-0.3053435,-0.03053435
7492,0.300293,0.9360352,-0.2045898,-0.740458,-0.4351145,0.2671756
7493,0.307373,0.9414063,-0.201416,-0.6259542,-0.5648855,0.06870229
7508,0.3095703,0.9360352,-0.1904297,-0.7709923,-0.5496183,-0.09160305
7506,0.3134766,0.9343262,-0.203125,-0.6717557,-0.389313,-0.01526718
7525,0.3088379,0.9401855,-0.1972656,-0.8778625,-0.5801527,-0.2137404
7448,0.411377,0.9013672,-0.1071777,45.66412,226.8702,32.75573
7506,0.9309082,0.9443359,0.03955078,-0.08396947,18.40458,-47.87023
7489,0.1901855,0.9785156,-0.1730957,-25.1145,35.69466,-97.28244
7520,-0.2426758,1.064453,0.1628418,-2.549618,-9.458015,1.656489
7506,0.123291,0.9960938,0.09594727,2.541985,-5.687023,-6.045802
7493,0.01171875,1.015381,-0.1032715,13.08397,-1.625954,8.824428
7847,0.1677246,0.9782715,-0.1564941,15.03053,0.5267176,16.61069
7511,0.2312012,0.9467773,-0.2614746,10.74046,-1.137405,20.47328
7482,0.2438965,0.9543457,-0.2966309,7.931298,-2.541985,23.41221
7447,0.2409668,0.9394531,-0.3178711,0.6641222,0.1679389,25.68702
7463,0.2900391,0.916748,-0.2900391,-4.755725,2.656489,23.91603
7483,0.3557129,0.918457,-0.203125,-6.70229,5.145038,25.16031
7428,0.3571777,0.9367676,-0.1335449,-4.480916,4.282443,29.73282
7467,0.4313965,0.9299316,-0.1088867,-0.8396947,0.351145,3.282443
7487,0.3457031,0.9428711,-0.144043,7.480916,-2.442748,-2.870229
7492,0.3125,0.9609375,-0.1252441,7.465649,-4.045802,-2.290076
7507,0.2507324,0.9416504,-0.2321777,5.473282,-2.083969,0.04580153
7471,0.2531738,0.9521484,-0.2736816,2.0,-0.1603053,1.923664
7495,0.2802734,0.9443359,-0.2416992,-2.053435,-0.5114504,2.21374
7462,0.291748,0.9243164,-0.2084961,-4.503817,1.19084,1.984733
7480,0.3120117,0.9436035,-0.1645508,-2.412214,0.4122138,0.9389313
7479,0.302002,0.9541016,-0.1376953,-2.137405,-0.7099237,-0.03053435
7857,0.2883301,0.9406738,-0.2126465,-0.9465649,-0.1832061,0.4122138
15972,0.2868652,0.9377441,-0.2109375,-3.236641,0.2290076,0.1908397
7525,0.2966309,0.9423828,-0.1862793,-1.19084,0.3358779,-0.2748091
7496,0.2988281,0.940918,-0.1774902,-1.282443,-0.8015267,0.1908397
7522,0.2890625,0.9431152,-0.1806641,-0.6564885,-0.6030535,0.1374046
7472,0.2868652,0.9384766,-0.1835938,-0.007633588,-0.2137404,0.07633588
7455,0.2880859,0.9377441,-0.2062988,-0.2671756,-0.8854962,0.09923664
7479,0.3029785,0.9384766,-0.1984863,-1.206107,-0.7022901,0.06870229
7517,0.2890625,0.9387207,-0.1948242,-1.137405,-0.1450382,-0.09160305
7485,0.2939453,0.9458008,-0.1853027,-1.10687,0.09160305,-0.01526718
7532,0.2956543,0.9418945,-0.1906738,-1.48855,-0.740458,0.3587786
7508,0.2929688,0.9453125,-0.171875,-0.6717557,-0.3587786,0.4656488
7514,0.2990723,0.9387207,-0.1855469,-0.007633588,-0.648855,0.2366412
7522,0.2949219,0.9384766,-0.1943359,-0.1755725,-0.6564885,0.1679389
7501,0.2868652,0.9443359,-0.1965332,-0.3053435,-0.9160305,-0.01526718
7886,0.2966309,0.940918,-0.1987305,-0.5343512,-0.7938931,0.0
7531,0.2834473,0.9443359,-0.1862793,-0.08396947,-0.740458,0.2290076
7488,0.293457,0.9375,-0.189209,0.07633588,-0.7862596,0.09923664
7475,0.302002,0.9396973,-0.2006836,-0.2977099,-0.8854962,0.0610687
7523,0.296875,0.9416504,-0.1955566,-0.5572519,-0.6870229,-0.03053435
7470,0.2868652,0.9462891,-0.1962891,-0.4122138,-0.5343512,0.2900764
7466,0.2868652,0.9401855,-0.2043457,-0.5725191,-0.5419847,0.3816794
7463,0.2958984,0.935791,-0.1914063,-0.5725191,-0.3282443,0.3282443
7518,0.2973633,0.9416504,-0.1972656,-0.7862596,-0.4503817,0.2442748
7501,0.2910156,0.9399414,-0.1904297,-0.832061,-0.5496183,0.1221374
7534,0.3027344,0.9360352,-0.1962891,-0.870229,-0.480916,-0.129771
7490,0.295166,0.939209,-0.1899414,-0.8778625,-0.4656488,-0.1068702
7476,0.2883301,0.9487305,-0.1916504,-0.9160305,-0.5648855,-0.08396947
7486,0.2883301,0.942627,-0.1914063,-0.9160305,-0.3816794,0.2137404
7454,0.2890625,0.9384766,-0.199707,-0.5572519,-0.389313,0.4656488
7863,0.2932129,0.9367676,-0.1918945,-0.7251908,-0.2366412,0.2977099
7530,0.2978516,0.9406738,-0.1943359,-0.832061,-0.4503817,0.07633588
7532,0.2966309,0.9375,-0.1945801,-0.7862596,-0.3282443,-0.09923664
7505,0.2924805,0.9396973,-0.1972656,-0.832061,-0.6564885,0.08396947
7483,0.2890625,0.9467773,-0.1813965,-0.4427481,-0.4580153,0.2900764
7456,0.293457,0.9350586,-0.1970215,-0.7022901,-0.3358779,0.01526718
7478,0.3007813,0.940918,-0.189209,-0.9083969,-0.3129771,-0.08396947
7437,0.2995605,0.9436035,-0.1923828,-0.740458,-0.09160305,0.1221374
7502,0.2954102,0.935791,-0.1931152,-0.961832,-0.6183206,0.08396947
7473,0.2939453,0.9414063,-0.184082,-0.5648855,-0.6946565,-0.007633588
7460,0.2961426,0.942627,-0.1958008,-0.7175572,-0.5725191,0.05343511
7512,0.2963867,0.9458008,-0.2019043,-0.6870229,-0.4427481,-0.07633588
7497,0.2932129,0.9335938,-0.1933594,-0.259542,-0.6793893,0.06870229
7502,0.2844238,0.9423828,-0.1938477,-0.3969466,-0.6335878,0.05343511
7501,0.2868652,0.942627,-0.189209,-0.2366412,-0.7099237,0.4045802
7874,0.293457,0.9423828,-0.203125,-0.7099237,-0.6183206,0.129771
7504,0.291748,0.9375,-0.1938477,-0.8091603,-0.6793893,0.0610687
7517,0.2883301,0.9418945,-0.1958008,-0.5496183,-0.4732824,-0.007633588
7500,0.2939453,0.9406738,-0.1804199,-0.3435115,-0.5496183,-0.007633588
7507,0.2880859,0.9401855,-0.1977539,-0.6717557,-0.5038168,0.03053435
7502,0.2900391,0.9428711,-0.1916504,-0.4580153,-0.7022901,0.2977099
7478,0.2868652,0.9406738,-0.2011719,-0.4198473,-0.4198473,0.1832061
7470,0.2905273,0.9467773,-0.1904297,-0.7709923,-0.4885496,0.1679389
7498,0.286377,0.9355469,-0.1970215,-0.7099237,-0.3664122,0.2442748
7499,0.2900391,0.9377441,-0.1843262,-0.7557252,-0.4656488,0.3358779
7491,0.2875977,0.9379883,-0.1901855,-0.9465649,-0.519084,0.007633588
7492,0.2907715,0.9423828,-0.1960449,-0.8244275,-0.6564885,-0.1374046
7460,0.2919922,0.9399414,-0.1921387,-0.8244275,-0.5343512,0.07633588
7461,0.2922363,0.9428711,-0.1945801,-0.778626,-0.3969466,0.04580153
7483,0.2961426,0.9382324,-0.1931152,-1.038168,-0.4427481,0.007633588
7875,0.2878418,0.9458008,-0.1906738,-0.6793893,-0.4045802,-0.01526718
7520,0.2922363,0.9423828,-0.1899414,-0.8625955,-0.610687,0.03816794
7502,0.8859863,0.7463379,-0.2324219,130.8397,250.1298,-40.27481
7467,1.291992,0.6708984,-0.4545898,66.71756,110.5878,-67.41985
7497,0.2641602,1.062256,-0.3254395,21.48855,-31.10687,-66.55725
7468,0.1286621,0.9233398,-0.354248,5.534351,3.412214,-74.55725
7497,-0.0390625,0.3903809,-0.05249023,20.0,27.67175,-88.22137
7533,-0.1601563,0.9016113,-0.980957,-21.72519,-9.167939,-67.26717
7538,-0.4919434,1.016846,-0.5715332,-27.33588,-3.099237,3.549618
7481,-0.230957,0.9875488,-0.1430664,-25.52672,1.610687,30.0687
7514,-0.08398438,0.9433594,-0.09790039,-20.79389,7.954198,46.71756
7509,0.357666,0.9763184,-0.06640625,-3.496183,1.671756,37.74046
7425,0.3173828,0.9621582,0.02197266,2.900763,0.7938931,37.51908
7438,0.3537598,0.869873,-0.1733398,10.67176,1.335878,25.83969
7447,0.3320313,0.9411621,-0.177002,9.885496,1.587786,21.38168
7478,0.3530273,0.9223633,-0.2670898,2.152672,0.389313,17.36641
7832,0.3735352,0.923584,-0.2314453,-5.954198,0.2824428,13.82443
7566,0.3798828,0.932373,-0.1418457,-8.358779,0.870229,8.389313
7471,0.3752441,0.9257813,-0.09692383,-3.007634,0.3664122,2.854962
7476,0.385498,0.9472656,-0.08032227,0.9083969,-1.427481,-5.137404
7484,0.3479004,0.9316406,-0.1318359,6.51145,-3.748092,-9.389313
7554,0.2697754,0.9284668,-0.2407227,3.061069,-3.473282,-9.702291
7560,0.2626953,0.9536133,-0.2202148,0.8854962,-2.229008,-8.625955
7514,0.2644043,0.954834,-0.1806641,0.740458,-2.839695,-9.885496
7451,0.2434082,0.9526367,-0.1660156,1.061069,-2.465649,-10.30534
7461,0.2302246,0.9550781,-0.1884766,3.305344,-2.21374,-9.015267
7498,0.2285156,0.9550781,-0.2119141,3.343511,-0.7022901,-7.885496
7483,0.2260742,0.9555664,-0.2211914,1.534351,-0.9312977,-6.396946
7466,0.2199707,0.9611816,-0.2202148,-0.9160305,-0.007633588,-4.038168
7512,0.2197266,0.9475098,-0.2016602,-2.908397,-0.2137404,-1.648855
7503,0.2163086,0.9638672,-0.1860352,-1.854962,0.6793893,0.2977099
7494,0.2219238,0.9589844,-0.1748047,-2.374046,0.5801527,2.450382
7848,0.2434082,0.9484863,-0.1682129,-1.687023,0.5572519,3.465649
7529,0.2583008,0.9519043,-0.1760254,-1.290076,0.2442748,3.038168
7514,0.2810059,0.9484863,-0.1843262,-0.961832,-0.129771,1.778626
7460,0.2734375,0.9470215,-0.1779785,-0.8625955,-0.03053435,0.8625955
7497,0.2802734,0.9455566,-0.1760254,-0.5496183,0.03816794,-0.4122138
7515,0.2746582,0.9577637,-0.1704102,-0.1908397,-0.7633588,-1.427481
7507,0.2617188,0.9511719,-0.1796875,0.1832061,-0.5572519,-1.022901
7475,0.2514648,0.9453125,-0.189209,0.1984733,-0.07633588,-0.8931297
7493,0.2524414,0.9538574,-0.1843262,-0.4885496,-0.8091603,-0.6335878
7462,0.2470703,0.9521484,-0.1970215,-0.2900764,-0.1450382,0.3358779
7521,0.2453613,0.9533691,-0.1826172,-1.908397,-0.2137404,0.7862596
7485,0.2478027,0.9528809,-0.1901855,-1.40458,0.02290076,1.053435
7482,0.2563477,0.9519043,-0.1772461,-1.450382,-0.129771,1.51145
7482,0.2619629,0.9523926,-0.1687012,-0.9770992,-0.259542,1.068702
7458,0.2697754,0.9448242,-0.1845703,-0.740458,-0.7175572,0.5419847
7853,0.2705078,0.9443359,-0.1862793,-0.1908397,-1.053435,-0.4045802
7509,0.2636719,0.9533691,-0.1838379,-0.1374046,-1.083969,-1.083969
7517,0.2614746,0.9533691,-0.1708984,-0.5114504,-0.6870229,-1.282443
7508,0.2565918,0.9519043,-0.1796875,-0.4503817,-0.8931297,-0.8549618
7514,0.2451172,0.949707,-0.1860352,-0.1908397,-1.015267,-0.7328244
7508,0.2512207,0.9587402,-0.1870117,-0.5267176,-0.648855,-0.1908397
7469,0.248291,0.9536133,-0.1904297,-0.8625955,-0.7328244,-0.007633588
7450,0.2609863,0.9521484,-0.1906738,-1.068702,-0.778626,0.2442748
7495,0.2548828,0.9499512,-0.1748047,-0.8244275,-0.6183206,0.4045802
7493,0.2570801,0.9516602,-0.1765137,-0.7709923,-0.5877862,0.5725191
7518,0.2575684,0.9489746,-0.1784668,-0.6564885,-0.5267176,0.07633588
7492,0.2653809,0.9462891,-0.1772461,-0.9465649,-0.5877862,-0.3358779
7504,0.255127,0.9487305,-0.1833496,-1.015267,-0.6870229,-0.4274809
7512,0.2478027,0.9511719,-0.1740723,-0.648855,-0.4198473,-0.5343512
7513,0.2561035,0.9475098,-0.1936035,-0.3587786,-0.519084,-0.1832061
7831,0.2573242,0.9477539,-0.1748047,-0.5572519,-0.2977099,0.8015267
7553,0.2575684,0.9538574,-0.1809082,-0.7175572,-0.3664122,0.5801527
7477,0.2624512,0.9550781,-0.1865234,-0.480916,-0.3969466,0.3969466
7449,0.2612305,0.9526367,-0.1865234,-0.9312977,-0.3282443,0.2900764
7469,0.2624512,0.9519043,-0.1867676,-0.9465649,-0.4045802,0.01526718
7487,0.2563477,0.9528809,-0.1728516,-0.6717557,-0.3206107,0.09923664
7501,0.2570801,0.9467773,-0.1916504,-0.4961832,-0.4885496,-0.01526718
7477,0.2553711,0.9504395,-0.171875,-0.3435115,-0.5343512,-0.1450382
7467,0.2565918,0.9533691,-0.1757813,-0.832061,-0.5954198,-0.01526718
