time,ax,ay,az,gx,gy,gz,temp
8360,0.2839355,0.9521484,-0.151123,-2.29771,-0.870229,-0.2366412,28.55294
7866,0.310791,0.9177246,-0.1420898,-0.9312977,0.1145038,-1.450382,28.50588
7829,0.2854004,0.9394531,-0.1381836,-1.580153,-0.2061069,0.5801527,28.64706
7800,0.2717285,0.9650879,-0.1218262,0.6335878,0.3206107,-0.2977099,28.50588
7801,0.2937012,0.9599609,-0.1604004,-0.1068702,-1.083969,0.5419847,28.64706
7788,0.2807617,0.9343262,-0.1672363,-1.053435,-0.4503817,0.3969466,28.6
7849,0.2993164,0.9338379,-0.1547852,-0.9160305,-0.4274809,-0.5114504,28.55294
8185,0.2734375,0.9460449,-0.1306152,0.9312977,-1.419847,1.549618,28.55294
7856,0.286377,0.9499512,-0.142334,1.580153,-1.877863,0.3206107,28.6
7819,0.2961426,0.9326172,-0.1791992,-0.1221374,-0.8931297,0.1755725,28.64706
7844,0.296875,0.940918,-0.1604004,-0.8931297,-0.2824428,-0.3282443,28.55294
7841,0.2849121,0.9438477,-0.1328125,-2.061069,0.07633588,-0.5725191,28.50588
7838,0.2600098,0.9467773,-0.1318359,-2.526718,-0.2442748,0.5114504,28.64706
7775,0.2871094,0.9367676,-0.1044922,0.3435115,0.5038168,0.9541985,28.6
8177,0.2976074,0.9489746,-0.1171875,2.351145,-0.1221374,0.9389313,28.55294
7832,0.3085938,0.9538574,-0.1513672,0.7709923,-1.48855,0.1450382,28.6
7852,0.2983398,0.9401855,-0.1694336,-0.5801527,-1.122137,-0.480916,28.64706
7805,0.2856445,0.940918,-0.1948242,-2.412214,0.1679389,-0.5954198,28.55294
7797,0.2822266,0.9445801,-0.1447754,-3.175573,0.01526718,-0.1374046,28.6
7796,0.2880859,0.9501953,-0.1286621,-1.801527,-0.3816794,0.4198473,28.55294
7806,0.2822266,0.9545898,-0.1188965,-0.2824428,-0.7557252,0.5038168,28.55294
7798,0.2861328,0.9433594,-0.140625,1.450382,-0.9770992,0.4732824,28.55294
7812,0.2956543,0.939209,-0.1757813,0.9007633,-1.068702,0.03053435,28.55294
7821,0.2932129,0.9401855,-0.189209,-0.1603053,-0.3969466,-0.4580153,28.6
7780,0.2370605,0.9284668,-0.2351074,-1.580153,2.366412,-0.01526718,28.55294
7814,0.3154297,0.9213867,-0.1547852,-4.801527,-2.412214,-0.1603053,28.55294
7808,0.295166,0.9628906,-0.09863281,-0.8167939,-0.8549618,-0.610687,28.50588
7821,0.2790527,0.9360352,-0.1279297,0.7099237,1.496183,-0.4274809,28.64706
8155,0.2700195,0.9121094,-0.1208496,-4.358778,-1.007634,1.053435,28.6
7854,0.2839355,0.9089355,-0.1853027,-1.885496,-0.7862596,-0.129771,28.64706
7791,0.265625,0.9375,-0.213623,-1.10687,1.229008,-0.6641222,28.55294
7816,0.2668457,0.9406738,-0.1955566,1.473282,-0.4656488,0.4580153,28.64706
7807,0.276123,0.9387207,-0.1147461,-2.877863,-0.2900764,0.3282443,28.6
7815,0.3012695,0.9404297,-0.1374512,-1.022901,-2.152672,0.4580153,28.45882
7820,0.2924805,0.9465332,-0.1342773,0.9007633,-0.6335878,-0.259542,28.55294
7824,0.2966309,0.9521484,-0.1499023,1.022901,-0.8396947,-0.8625955,28.69412
7842,0.2905273,0.9284668,-0.1779785,-1.312977,-0.7099237,-1.259542,28.64706
7835,0.2993164,0.9125977,-0.182373,-1.770992,-0.4122138,-0.6564885,28.55294
7840,0.2814941,0.9506836,-0.1303711,-0.5038168,-1.229008,-1.122137,28.6
7830,0.2763672,0.9572754,-0.1118164,-0.5038168,-0.8625955,0.1679389,28.50588
7814,0.2751465,0.942627,-0.1535645,-0.4503817,-0.7557252,0.5038168,28.55294
8185,0.2854004,0.9389648,-0.1694336,-0.7251908,-0.08396947,0.3435115,28.55294
7852,0.2810059,0.9462891,-0.1645508,-0.8625955,-0.351145,0.6335878,28.55294
7795,0.2785645,0.9506836,-0.1369629,-1.305344,-0.6030535,0.9236641,28.50588
7786,0.2956543,0.9453125,-0.1499023,-1.48855,-0.2137404,0.5648855,28.55294
7821,0.3139648,0.9453125,-0.1462402,-0.6564885,-1.267176,0.1221374,28.6
7839,0.2844238,0.9433594,-0.144043,-0.03816794,-0.351145,0.01526718,28.55294
7826,0.2731934,0.9428711,-0.1503906,-0.2977099,-0.4656488,0.01526718,28.55294
7834,0.2839355,0.9360352,-0.1677246,-0.9770992,-0.5572519,0.2213741,28.64706
7816,0.2797852,0.9428711,-0.1535645,-0.5877862,-0.389313,0.129771,28.6
7796,0.2890625,0.9462891,-0.1437988,-0.9465649,-0.1526718,0.2748091,28.64706
7829,0.2890625,0.942627,-0.1396484,-1.061069,-0.4732824,0.1526718,28.69412
7819,0.282959,0.9484863,-0.1420898,-0.9007633,-0.5572519,0.129771,28.64706
7807,0.2868652,0.9467773,-0.1296387,-0.519084,-0.610687,0.03053435,28.6
7832,0.2895508,0.9389648,-0.1577148,-0.8167939,-0.4732824,0.03816794,28.55294
8074,0.3000488,0.6591797,-0.3564453,63.8855,250.1298,-11.63359,28.6
7847,0.6442871,0.7971191,-0.1467285,12.00763,18.67939,-32.25191,28.55294
7821,-0.09106445,1.093018,-0.02563477,35.71756,86.25191,-8.908397,28.55294
7829,0.07763672,1.046631,-0.06518555,22.01527,57.9084,9.778625,28.50588
7787,0.1455078,0.9089355,-0.2802734,8.496183,-2.870229,34.22901,28.55294
7792,0.1306152,0.9763184,-0.2478027,0.3969466,-0.2977099,21.42748,28.6
7867,0.3256836,0.923584,-0.2128906,-5.862596,3.236641,19.98473,28.55294
7786,0.5151367,0.8916016,-0.1635742,-8.297709,1.366412,8.236641,28.50588
7763,0.5678711,0.8894043,-0.1032715,-5.732824,-0.5496183,-5.541985,28.50588
7784,0.395752,0.9130859,-0.07299805,-0.9847328,0.1603053,-11.49618,28.55294
7800,0.2492676,0.9470215,-0.1181641,3.70229,-2.618321,-7.664122,28.50588
7821,0.15625,0.9692383,-0.1647949,4.045802,-1.984733,0.4503817,28.64706
7807,0.1848145,0.9567871,-0.2141113,1.183206,-0.7099237,6.732824,28.55294
7859,0.3583984,0.9265137,-0.1721191,-3.160305,0.5877862,4.450382,28.55294
8194,0.4033203,0.9255371,-0.1201172,-3.160305,-0.0610687,-1.969466,28.6
7878,0.3459473,0.9345703,-0.1047363,-0.778626,-0.9312977,-4.053435,28.55294
7824,0.2636719,0.9404297,-0.1450195,0.9389313,-1.458015,-2.572519,28.64706
7837,0.2458496,0.9421387,-0.166748,1.587786,-1.114504,0.3740458,28.6
7789,0.2736816,0.9516602,-0.1757813,0.6030535,-1.091603,1.961832,28.50588
7834,0.3112793,0.9291992,-0.1887207,-1.748092,-0.4427481,1.053435,28.55294
7818,0.3374023,0.9304199,-0.1689453,-2.076336,-0.1145038,-0.8091603,28.6
7844,0.3225098,0.9372559,-0.1384277,-1.541985,-0.2519084,-2.099237,28.64706
7825,0.2941895,0.9416504,-0.130127,-0.1832061,-1.114504,-1.419847,28.50588
7837,0.2802734,0.9343262,-0.1586914,0.4503817,-0.8854962,-0.0610687,28.55294
7792,0.2873535,0.9428711,-0.1555176,0.2290076,-0.6946565,0.4503817,28.6
7818,0.3105469,0.9406738,-0.159668,-0.2213741,-0.870229,0.351145,28.6
7838,0.3154297,0.9328613,-0.1589355,-1.778626,0.04580153,-0.4198473,28.64706
7821,0.3081055,0.9443359,-0.1501465,-2.122137,-0.2519084,-0.5801527,28.50588
8069,0.02050781,0.939209,0.08105469,99.39695,250.1298,21.32825,28.6
7839,0.9013672,0.6970215,-0.4074707,32.63359,135.1374,-18.57252,28.6
7863,0.4838867,1.009033,-0.01831055,19.58779,12.28244,-55.38168,28.45882
7802,-0.1437988,0.96875,-0.09204102,35.58015,80.92367,5.374046,28.50588
7763,0.1655273,1.007568,-0.2038574,17.9771,30.67939,19.15267,28.55294
7811,0.1877441,0.9160156,-0.3273926,-2.427481,-5.633588,31.90076,28.6
7790,0.2019043,0.9682617,-0.2756348,-6.160306,3.580153,28.83969,28.6
7812,0.2392578,0.8374023,-0.1999512,-8.969465,7.519084,18.64886,28.55294
7798,0.4611816,0.9052734,-0.08569336,-9.145039,2.59542,13.20611,28.6
7831,0.5449219,0.8813477,-0.07739258,-4.305344,-0.5343512,-1.007634,28.55294
7818,0.4875488,0.9003906,-0.07861328,3.335878,-0.870229,-9.80916,28.6
7809,0.2854004,0.9389648,-0.1328125,6.80916,-3.022901,-8.977099,28.6
7795,0.1811523,0.9638672,-0.1887207,5.839694,-1.839695,-2.129771,28.64706
7768,0.1816406,0.9521484,-0.2480469,0.8244275,-0.740458,4.671756,28.64706
8176,0.2927246,0.9294434,-0.2233887,-3.816794,0.6946565,6.167939,28.6
7856,0.375,0.9267578,-0.1420898,-4.923664,0.8015267,2.732824,28.50588
7820,0.385498,0.9306641,-0.1052246,-2.916031,0.09160305,-1.29771,28.45882
7853,0.3464355,0.9350586,-0.1113281,0.129771,-1.160305,-3.290076,28.6
7783,0.2858887,0.9411621,-0.1362305,2.244275,-1.70229,-1.992366,28.55294
7783,0.2636719,0.9506836,-0.175293,2.022901,-1.244275,0.2519084,28.64706
7852,0.2832031,0.9257813,-0.208252,-0.389313,-0.6030535,1.21374,28.6
7753,0.3205566,0.9250488,-0.1862793,-2.183206,-0.07633588,0.740458,28.50588
7827,0.3359375,0.9362793,-0.1450195,-1.992366,0.1984733,-0.6870229,28.55294
7833,0.3237305,0.9401855,-0.1196289,-1.274809,-0.961832,-1.427481,28.50588
7818,0.3007813,0.9387207,-0.1472168,-0.5801527,-0.5114504,-1.236641,28.55294
7807,0.2905273,0.9372559,-0.1608887,1.061069,-1.687023,-0.3206107,28.55294
7802,0.2978516,0.9375,-0.171875,-0.7099237,-0.6870229,0.3587786,28.55294
7798,0.2973633,0.9284668,-0.170166,-0.7557252,-0.4427481,0.3282443,28.6
8067,1.176514,0.9157715,-0.06298828,66.37405,179.2061,-26.79389,28.64706
7861,0.4897461,0.9743652,-0.06054688,6.610687,-6.51145,-42.1832,28.55294
7836,-0.1064453,1.015381,-0.05200195,42.59542,102.6947,-10.58779,28.64706
7770,0.1298828,1.040039,-0.1672363,27.16031,47.20611,8.236641,28.50588
7817,0.1967773,0.9262695,-0.3256836,5.282443,-11.23664,29.99237,28.6
7842,0.1774902,0.970459,-0.3427734,-4.335878,-5.396946,33.76336,28.55294
7796,0.1210938,0.9577637,-0.2775879,-11.9313,4.48855,36.35878,28.6
7806,0.3796387,0.9191895,-0.1333008,-15.54962,-3.694656,19.24427,28.6
7800,0.4858398,0.9067383,-0.05371094,-7.38168,2.984733,7.847328,28.50588
7824,0.541748,0.8974609,-0.01953125,-0.610687,1.114504,-5.832061,28.6
7825,0.420166,0.9172363,-0.08618164,5.740458,-3.977099,-12.19847,28.50588
7811,0.2573242,0.9643555,-0.1264648,8.877863,-3.541985,-8.259542,28.55294
7802,0.1887207,0.9667969,-0.2167969,5.694656,-1.908397,-0.870229,28.6
7819,0.2172852,0.9455566,-0.2758789,0.1145038,-0.5419847,5.038168,28.64706
8212,0.3015137,0.9345703,-0.2143555,-6.061069,1.007634,6.022901,28.55294
7840,0.3718262,0.9272461,-0.1325684,-6.687023,1.534351,2.78626,28.64706
7820,0.3869629,0.9213867,-0.09204102,-3.770992,0.5419847,-1.282443,28.45882
7803,0.357666,0.9367676,-0.08520508,0.7938931,-1.549618,-3.183206,28.6
7803,0.3034668,0.9333496,-0.1452637,2.938931,-1.900763,-2.580153,28.55294
7788,0.2663574,0.9375,-0.1894531,3.274809,-1.206107,-0.5725191,28.50588
7822,0.2873535,0.9433594,-0.2062988,1.045802,-0.9007633,0.9847328,28.69412
7815,0.309082,0.935791,-0.2016602,-2.267176,-0.2671756,1.175573,28.55294
7834,0.3295898,0.9226074,-0.1721191,-3.946565,0.2366412,0.1221374,28.6
7809,0.3305664,0.9313965,-0.1416016,-2.274809,0.04580153,-1.038168,28.6
7790,0.3212891,0.9396973,-0.1213379,-0.2824428,-0.9923664,-1.29771,28.50588
7809,0.298584,0.9353027,-0.1206055,1.40458,-1.343511,-1.022901,28.55294
7828,0.2922363,0.9350586,-0.166748,1.099237,-1.21374,-0.1450382,28.6
7781,0.3095703,0.9240723,-0.189209,0.09160305,-0.6717557,0.1221374,28.55294
8178,0.3193359,0.9326172,-0.1765137,-2.129771,-0.1755725,-0.01526718,28.6
16252,0.3225098,0.940918,-0.152832,-2.244275,-0.2977099,-0.3664122,28.55294
7859,0.3134766,0.9445801,-0.1325684,-0.5877862,-0.8473283,-0.1526718,28.64706
7786,0.3051758,0.942627,-0.1467285,0.8167939,-0.7862596,0.09923664,28.6
7816,0.3039551,0.9365234,-0.1586914,0.740458,-0.8244275,0.4503817,28.55294
7811,0.3100586,0.9350586,-0.1704102,-0.1450382,-0.5496183,0.2366412,28.6
7786,0.3112793,0.9345703,-0.1691895,-1.160305,-0.1145038,0.2519084,28.64706
7798,0.3186035,0.9335938,-0.1569824,-1.732824,-0.2213741,0.2366412,28.55294
7829,0.3112793,0.9362793,-0.1379395,-1.145038,-0.3816794,0.3587786,28.6
7825,0.3117676,0.9379883,-0.151123,-0.2824428,-0.4732824,0.4427481,28.55294
7791,-0.1750488,0.8620605,-0.3779297,84.03053,250.1298,14.71756,28.55294
7802,0.5805664,0.7790527,-0.1467285,21.52672,167.8779,-8.015267,28.55294
7787,0.3405762,0.7023926,-0.378418,-25.07634,-3.610687,-51.36641,28.6
7798,-0.1291504,1.102783,0.003173828,20.0,92.19084,-0.7175572,28.50588
8147,0.177002,1.108887,0.1271973,18.0916,25.16794,19.86259,28.6
7847,0.1994629,0.9545898,-0.09716797,9.702291,-13.47328,33.50382,28.6
7812,0.1989746,0.9694824,-0.1787109,13.31298,-4.076336,40.48092,28.64706
7778,0.1894531,0.9553223,-0.263916,9.717557,0.389313,54.8168,28.6
7815,0.3439941,0.861084,-0.3818359,-2.091603,7.740458,25.25191,28.55294
7764,0.4641113,0.8747559,-0.2834473,-8.229008,2.862595,11.75572,28.55294
7844,0.6298828,0.8566895,-0.1689453,-9.748092,0.8015267,-4.961832,28.64706
7844,0.4492188,0.9348145,-0.08129883,-4.549618,2.916031,-12.67176,28.50588
7811,0.2775879,0.9436035,-0.06542969,-0.2061069,-2.396947,-9.763359,28.64706
7832,0.1782227,0.9675293,-0.09057617,7.076336,-3.70229,-0.7099237,28.55294
7792,0.1467285,0.9785156,-0.1699219,5.656488,-2.78626,6.824428,28.55294
7750,0.2714844,0.9194336,-0.2214355,2.083969,1.480916,8.015267,28.6
7806,0.4057617,0.9135742,-0.2487793,-1.351145,0.9847328,3.793893,28.55294
7803,0.4360352,0.9089355,-0.1901855,-4.328244,0.1221374,-1.931298,28.64706
8238,0.3081055,0.9458008,-0.154541,1.961832,-1.748092,1.526718,28.64706
7855,0.3505859,0.9223633,-0.2021484,0.870229,-1.099237,0.03816794,28.64706
7846,0.3527832,0.9262695,-0.1955566,-0.832061,-0.007633588,-1.694656,28.6
7817,0.3249512,0.9467773,-0.170166,-2.625954,-0.3816794,-2.129771,28.55294
7842,0.3024902,0.9384766,-0.1508789,-3.267176,-0.4427481,-0.9389313,28.55294
7844,0.295166,0.9418945,-0.1328125,-1.725191,-0.04580153,0.03816794,28.50588
7787,0.3156738,0.9326172,-0.1193848,-0.9236641,-0.7557252,0.08396947,28.55294
7783,0.3327637,0.942627,-0.145752,0.7480916,-1.648855,-0.389313,28.55294
7790,0.315918,0.9396973,-0.1572266,0.129771,-0.480916,-0.6259542,28.50588
7783,0.3166504,0.9345703,-0.1743164,-0.3664122,-0.5954198,-0.7022901,28.55294
7821,0.3049316,0.9294434,-0.1748047,-2.183206,-0.4885496,-0.2977099,28.64706
7785,0.300293,0.9396973,-0.1560059,-1.541985,-0.4045802,0.389313,28.64706
7797,0.4272461,0.8425293,-0.4260254,24.90076,217.4275,-62.29771,28.55294
7854,0.2497559,0.8339844,-0.4282227,-20.84733,-2.343511,-38.19847,28.64706
8152,-0.1689453,0.9992676,0.01855469,1.847328,47.59542,7.183206,28.50588
7834,0.08398438,1.064941,0.1381836,2.961832,36.67176,17.96183,28.45882
7816,0.1958008,0.9135742,-0.02636719,5.832061,-14.19084,38.77099,28.45882
7780,0.2197266,0.9868164,-0.05712891,15.67939,-2.656489,38.80153,28.50588
7783,0.190918,0.9382324,-0.2316895,14.09924,-2.053435,52.42748,28.55294
7766,0.3754883,0.8935547,-0.3571777,8.755725,2.076336,30.19084,28.6
7768,0.4711914,0.8664551,-0.3190918,-2.641221,2.59542,16.16794,28.6
7819,0.5888672,0.8737793,-0.2333984,-8.236641,0.6870229,1.290076,28.55294
7784,0.5087891,0.9128418,-0.1240234,-8.167939,2.763359,-9.297709,28.50588
7860,0.3286133,0.9399414,-0.09692383,-4.91603,0.4732824,-9.763359,28.45882
7788,0.2124023,0.96875,-0.06420898,0.9465649,-1.198473,-3.450382,28.6
7757,0.1899414,0.9550781,-0.1247559,4.465649,-1.755725,3.80916,28.64706
7775,0.2648926,0.9465332,-0.1872559,4.587786,-1.679389,6.053435,28.64706
7779,0.3491211,0.9208984,-0.2224121,1.832061,-0.6412213,3.519084,28.50588
8195,0.3891602,0.9240723,-0.2019043,-2.946565,-0.6335878,-1.854962,28.55294
7845,0.3547363,0.9260254,-0.170166,-4.877862,0.9236641,-3.847328,28.45882
7834,0.2805176,0.9370117,-0.1455078,-3.503817,0.4503817,-2.19084,28.6
7803,0.2697754,0.9472656,-0.1259766,-0.8167939,-0.6946565,0.3053435,28.55294
7784,0.2866211,0.9394531,-0.135498,1.19084,-1.496183,1.870229,28.50588
7820,0.3222656,0.932373,-0.1704102,1.664122,-1.0,0.9160305,28.6
7861,0.3537598,0.9274902,-0.2084961,0.1374046,-0.7175572,-1.328244,28.50588
7818,0.3352051,0.9311523,-0.2033691,-2.007634,0.09923664,-2.129771,28.55294
7795,0.3022461,0.9401855,-0.1757813,-3.007634,-0.1755725,-1.374046,28.50588
7826,0.2927246,0.9462891,-0.1513672,-2.358779,-0.09160305,0.1068702,28.6
7844,0.2922363,0.9453125,-0.1381836,-0.8778625,-0.3435115,1.274809,28.55294
7799,0.3139648,0.939209,-0.1494141,0.4885496,-1.099237,1.21374,28.6
7805,0.3344727,0.9284668,-0.175293,0.6335878,-1.045802,0.0610687,28.55294
7845,0.3239746,0.9333496,-0.1877441,-0.2748091,-0.4198473,-0.8854962,28.50588
8218,0.3000488,0.9377441,-0.1799316,-1.755725,-0.2137404,-0.6564885,28.64706
7840,0.296875,0.9431152,-0.1572266,-1.870229,-0.06870229,0.1374046,28.55294
7817,0.2954102,0.9377441,-0.145752,-0.8778625,-0.3969466,0.9160305,28.6
7798,0.3112793,0.9350586,-0.1516113,0.2213741,-0.7633588,1.19084,28.55294
16229,0.3186035,0.9343262,-0.1743164,0.08396947,-0.5725191,0.3740458,28.6
7814,0.05957031,0.732666,-0.8146973,127.2672,250.1298,-6.167939,28.55294
7801,1.999939,0.9714355,-0.496582,59.35115,107.542,-49.30534,28.50588
7830,0.2504883,0.965332,-0.7436523,-21.0458,7.358778,-64.39695,28.55294
7810,-0.541748,0.793457,-0.4875488,-28.22137,59.76336,25.30534,28.69412
7791,0.2321777,1.026611,-0.01489258,-25.16794,34.19847,13.78626,28.64706
7807,0.2702637,0.9216309,0.09472656,-23.68702,-7.839694,21.77863,28.50588
7798,0.2145996,0.9970703,0.182373,-0.8091603,-0.3664122,27.9771,28.55294
7820,0.2480469,0.9536133,0.04418945,13.31298,-3.183206,40.96947,28.6
7774,0.2739258,0.9350586,-0.07104492,24.92366,-2.748092,37.35115,28.6
8217,0.4221191,0.9099121,-0.3325195,-15.50382,4.160306,-2.541985,28.55294
7833,0.3056641,0.9658203,-0.1057129,-13.65649,2.793893,-2.473282,28.69412
7828,0.2626953,0.9509277,-0.04370117,-8.389313,2.732824,0.4427481,28.6
7780,0.2514648,0.9624023,-0.009033203,1.549618,-1.603053,3.59542,28.6
7776,0.2961426,0.9230957,-0.09570313,7.824428,-1.465649,4.022901,28.41176
7790,0.3464355,0.9282227,-0.1738281,10.77863,-3.770992,1.961832,28.64706
7786,0.3525391,0.9265137,-0.2727051,6.419847,-2.717557,0.1908397,28.50588
7801,0.3342285,0.9125977,-0.309082,-1.412214,0.8473283,-1.305344,28.64706
7817,0.3154297,0.942627,-0.2365723,-6.625954,1.541985,-1.450382,28.64706
7818,0.295166,0.9501953,-0.1577148,-7.908397,0.961832,-0.5725191,28.6
7821,0.2907715,0.9387207,-0.119873,-5.236641,0.04580153,0.2900764,28.55294
7842,0.3076172,0.939209,-0.1022949,-0.6412213,-0.4580153,0.3282443,28.6
7800,0.3171387,0.9423828,-0.1501465,1.885496,-1.396947,-0.2519084,28.6
7807,0.3354492,0.9428711,-0.1831055,2.740458,-1.351145,-1.320611,28.50588
8160,0.3132324,0.9331055,-0.2177734,-0.1679389,-0.5648855,-1.473282,28.55294
7831,0.2927246,0.9421387,-0.2219238,-2.854962,0.1374046,-0.6946565,28.6
7790,0.2897949,0.9382324,-0.1760254,-4.137404,0.6564885,-0.01526718,28.55294
7825,0.3029785,0.9455566,-0.1508789,-3.099237,-0.3053435,0.3435115,28.6
7844,0.3076172,0.9367676,-0.1384277,-1.938931,-0.5954198,0.2137404,28.45882
7806,0.3190918,0.9404297,-0.1394043,0.610687,-0.9694656,-0.389313,28.6
7824,0.3146973,0.9384766,-0.1779785,1.251908,-0.740458,-0.7633588,28.55294
7802,0.3088379,0.9428711,-0.1896973,0.8473283,-0.6870229,-0.6030535,28.41176
7828,0.2893066,0.9387207,-0.1899414,-0.7938931,-0.351145,0.4961832,28.55294
7793,0.2980957,0.935791,-0.1774902,-1.725191,-0.2366412,0.9847328,28.64706
7798,0.3049316,0.9345703,-0.1679688,-1.145038,-0.6564885,0.9083969,28.6
7808,0.3210449,0.9353027,-0.1660156,-0.8778625,-0.480916,0.4732824,28.55294
7818,0.06152344,0.9614258,-0.02539063,140.5343,250.1298,-29.22901,28.50588
7786,1.660645,0.8652344,0.08007813,103.0,213.8473,-62.57252,28.64706
8208,0.4318848,0.5803223,-0.6879883,32.45802,-24.64886,-97.29771,28.50588
7834,-0.5761719,1.105225,-0.6867676,34.07634,81.14503,-17.29008,28.50588
7822,-0.1289063,1.055664,-0.6708984,-10.51908,40.59542,27.53435,28.55294
7778,0.05957031,1.118408,-0.2993164,-26.56489,14.00763,23.9542,28.6
7804,0.2851563,0.8918457,-0.1088867,-43.70992,-3.129771,28.96183,28.6
7755,0.3168945,1.005371,0.1386719,-14.0916,8.580153,26.19847,28.55294
7788,0.3244629,0.9260254,0.1223145,-0.7251908,-0.4198473,42.35115,28.64706
7779,0.4868164,0.9086914,0.007080078,11.59542,-2.51145,19.12977,28.50588
7815,0.4538574,0.9284668,-0.08447266,18.82443,-8.366412,-1.007634,28.55294
7792,0.3874512,0.9169922,-0.185791,18.9542,-4.08397,-6.816794,28.64706
7799,0.3376465,0.9428711,-0.2907715,19.20611,-7.70229,-13.33588,28.45882
7789,0.1413574,0.8776855,-0.4125977,0.3816794,2.061069,-8.412213,28.50588
7806,0.1252441,0.916748,-0.4157715,-11.31298,1.709924,-0.2290076,28.6
7813,0.140625,0.9758301,-0.2102051,-14.48855,2.610687,7.335878,28.45882
8165,0.2651367,0.9423828,-0.06933594,-9.702291,3.114504,9.557252,28.6
7833,0.3210449,0.9606934,-0.01977539,-0.9541985,-1.206107,7.465649,28.55294
7774,0.3566895,0.9338379,-0.05175781,6.534351,-2.244275,2.366412,28.50588
7797,0.3549805,0.9353027,-0.1608887,10.92366,-2.740458,-2.450382,28.55294
7805,0.3029785,0.9355469,-0.2763672,6.59542,-1.916031,-4.183206,28.50588
7830,0.2602539,0.9370117,-0.3049316,0.832061,-0.2442748,-3.206107,28.64706
7804,0.2219238,0.9555664,-0.2480469,-4.923664,1.221374,-0.129771,28.6
7806,0.2285156,0.9575195,-0.1843262,-4.641222,1.236641,2.007634,28.50588
7793,0.2485352,0.9511719,-0.1452637,-4.19084,1.099237,4.114504,28.6
7836,0.2839355,0.9404297,-0.1281738,-0.8625955,-0.4885496,3.206107,28.55294
7830,0.3259277,0.9343262,-0.1586914,1.610687,-1.282443,-0.3129771,28.6
7789,0.340332,0.935791,-0.1889648,1.122137,-0.8625955,-2.351145,28.50588
7794,0.2932129,0.9370117,-0.2121582,-1.19084,-0.2977099,-2.793893,28.55294
7791,0.2546387,0.9572754,-0.1931152,-2.061069,0.4732824,-1.503817,28.55294
8217,0.2868652,0.9467773,-0.161377,-0.08396947,-0.9847328,0.05343511,28.64706
7809,0.310791,0.9555664,-0.140625,0.9160305,-1.274809,-0.9312977,28.6
7814,0.2858887,0.9379883,-0.1989746,-0.1603053,-0.9923664,-1.450382,28.50588
7772,0.407959,0.8103027,-0.07177734,97.76336,250.1298,-57.71756,28.45882
7801,0.6657715,0.6003418,-0.6550293,20.69466,21.25191,-64.89313,28.55294
7814,-0.04907227,1.079834,0.1557617,66.83969,17.35878,-115.1298,28.6
7794,-1.284912,1.140381,-0.7375488,20.64122,62.69466,9.687023,28.55294
7854,-0.001708984,0.8937988,-0.3637695,-39.8168,14.94656,36.64122,28.55294
7834,0.2873535,0.7995605,-0.3515625,-41.1832,-3.80916,38.39695,28.45882
7784,0.3305664,1.064453,0.1936035,-18.12977,12.69466,45.9313,28.6
7809,0.3283691,0.8601074,0.0004882813,-10.70992,-1.366412,45.48092,28.6
7823,0.621582,0.9677734,0.04174805,9.19084,-5.70229,11.33588,28.55294
7805,0.385498,0.9445801,-0.04394531,14.58015,-4.740458,4.114504,28.55294
7808,0.4091797,0.9150391,-0.199707,16.19847,-4.763359,-2.580153,28.6
8164,0.3713379,0.9309082,-0.2956543,9.961832,-5.351145,-8.702291,28.64706
7859,0.3481445,0.9692383,-0.08691406,11.26718,-1.763359,-19.0,28.55294
7830,0.2182617,0.8183594,-0.501709,-5.435114,-1.21374,-18.58015,28.50588
7832,0.1635742,1.060059,-0.2182617,-3.099237,-1.068702,-9.465649,28.55294
7874,0.1503906,0.9833984,-0.1416016,-10.32061,1.610687,-1.59542,28.6
7788,0.1762695,0.939209,-0.1462402,-5.267176,0.8931297,5.068702,28.6
7789,0.2336426,0.9692383,-0.09619141,2.526718,-0.7328244,7.641222,28.45882
7792,0.2893066,0.9504395,-0.1474609,4.519084,-0.4198473,6.633588,28.50588
7794,0.3283691,0.9362793,-0.2255859,4.954198,-1.083969,3.022901,28.64706
7789,0.3310547,0.9243164,-0.2587891,0.5419847,-0.7480916,-0.8167939,28.55294
7788,0.3078613,0.935791,-0.2282715,-2.908397,0.2824428,-2.740458,28.55294
7775,0.2797852,0.9465332,-0.1948242,-4.679389,0.07633588,-2.816794,28.55294
7792,0.2609863,0.9611816,-0.1618652,-3.053435,0.2137404,-1.40458,28.55294
7824,0.2470703,0.958252,-0.1496582,-0.8396947,-0.3282443,0.129771,28.45882
8159,0.2729492,0.9489746,-0.1757813,0.8167939,-0.5648855,0.7862596,28.50588
7833,0.2851563,0.9406738,-0.1928711,-0.351145,-0.6335878,0.4274809,28.50588
7807,0.298584,0.9321289,-0.2126465,-1.274809,-0.4503817,-0.5038168,28.64706
7826,0.2878418,0.9448242,-0.171875,-2.076336,-0.07633588,-0.6946565,28.45882
7823,0.2663574,0.9536133,-0.1796875,-1.839695,0.1221374,-0.4732824,28.50588
7823,0.2734375,0.9536133,-0.1843262,-1.274809,-0.1832061,-0.1221374,28.55294
7807,0.2753906,0.9477539,-0.1796875,-0.9389313,-0.7862596,0.4122138,28.50588
7814,0.2749023,0.9472656,-0.1801758,-0.7938931,-1.068702,0.4427481,28.55294
7835,0.284668,0.9526367,-0.1828613,0.5419847,-0.007633588,-0.1526718,28.6
7804,0.2790527,0.9453125,-0.1967773,-0.8931297,-0.6946565,-0.351145,28.55294
7813,0.2668457,0.9343262,-0.2021484,-1.366412,-0.5648855,-0.3816794,28.50588
7795,0.2675781,0.9567871,-0.1740723,-0.4580153,-0.3358779,0.2213741,28.55294
7807,0.140625,0.7268066,-0.1960449,99.85497,250.1298,-38.38931,28.64706
8172,1.026123,0.3828125,-0.5402832,-3.641221,-13.93893,-64.14503,28.64706
7834,-0.02490234,0.8999023,-0.2756348,13.96947,29.53435,-78.0,28.6
7808,-0.2407227,1.455566,0.7312012,45.82443,72.74809,-40.19084,28.55294
7831,-0.04785156,0.9873047,-0.3569336,38.9313,26.79389,-37.27481,28.6
7820,-0.3232422,1.095215,-0.5957031,-4.259542,-9.122137,7.274809,28.55294
7800,-0.2158203,0.9838867,-0.1599121,-16.70229,7.267176,35.39695,28.55294
7788,0.1772461,0.8137207,-0.2670898,-24.12214,7.755725,43.42748,28.6
7811,0.3117676,0.9621582,-0.03710938,-4.267176,6.290076,56.30534,28.6
7800,0.5009766,0.9255371,-0.02319336,0.4503817,6.114504,36.41985,28.64706
7763,0.5158691,0.84375,-0.1975098,2.458015,-6.007634,5.687023,28.55294
7797,0.3981934,0.9348145,-0.170166,4.946565,-2.160305,0.5648855,28.69412
7820,0.3688965,0.9147949,-0.2446289,-3.816794,-4.664122,-2.78626,28.45882
7836,0.3320313,0.9396973,-0.177002,-2.351145,0.04580153,-7.221374,28.6
7819,0.3137207,0.9526367,-0.1108398,0.9847328,-1.656489,-10.27481,28.45882
7809,0.2834473,0.925293,-0.1174316,4.832061,-4.679389,-10.23664,28.55294
8201,0.09179688,1.000244,-0.2568359,-0.778626,2.183206,0.7175572,28.64706
7818,0.1726074,0.9018555,-0.3156738,-5.763359,2.068702,5.900764,28.55294
7807,0.2680664,0.9509277,-0.1958008,-4.251908,0.259542,6.725191,28.6
7772,0.302002,0.963623,-0.1364746,-3.114504,1.572519,5.412214,28.45882
7810,0.3339844,0.9375,-0.142334,-0.9694656,-0.3816794,1.534351,28.55294
7793,0.3413086,0.9345703,-0.1606445,1.251908,-0.9847328,-1.29771,28.50588
7781,0.3059082,0.9370117,-0.192627,1.244275,-0.9923664,-3.129771,28.64706
7824,0.2897949,0.954834,-0.2070313,-0.08396947,-0.9847328,-4.267176,28.55294
7843,0.2487793,0.9541016,-0.2177734,-1.038168,-1.038168,-2.679389,28.55294
7804,0.2253418,0.9606934,-0.1940918,-2.358779,-0.3053435,-0.1755725,28.6
7795,0.2185059,0.9504395,-0.1889648,-3.160305,0.5496183,2.274809,28.55294
7792,0.2624512,0.9477539,-0.1782227,-1.236641,0.5801527,2.59542,28.55294
7784,0.2827148,0.9489746,-0.1755371,0.4656488,-0.1068702,1.465649,28.55294
8201,0.3120117,0.9482422,-0.190918,-0.04580153,-0.7328244,-0.3358779,28.64706
7847,0.2927246,0.9458008,-0.197998,-0.610687,-0.8473283,-1.610687,28.55294
7795,0.2670898,0.9396973,-0.2053223,-1.236641,-0.2519084,-1.473282,28.50588
7837,0.2536621,0.956543,-0.1982422,-0.8244275,-0.4885496,-0.389313,28.55294
7841,0.2475586,0.9504395,-0.185791,-1.274809,-0.03053435,0.8091603,28.55294
7812,0.2590332,0.9560547,-0.1855469,0.7557252,-0.2213741,1.435114,28.6
7802,0.2832031,0.9453125,-0.1865234,-0.4351145,-0.1679389,0.7862596,28.64706
7774,0.2844238,0.9396973,-0.1943359,-0.6335878,-0.7022901,0.129771,28.6
7826,0.2844238,0.9519043,-0.197998,-1.305344,-0.8244275,-0.5267176,28.45882
7820,0.2661133,0.9506836,-0.1931152,-1.259542,-0.5648855,-0.5343512,28.55294
16185,0.2412109,0.9941406,-0.3273926,85.05344,250.1298,-40.69466,28.50588
7851,1.401367,0.8747559,-0.4934082,23.23664,-11.06107,-56.58779,28.50588
7817,0.324707,1.235352,-0.4299316,30.05343,21.47328,-52.29771,28.64706
7776,-0.03149414,1.171143,-0.105957,18.40458,101.2824,-39.92366,28.55294
8134,0.282959,1.081787,0.008544922,8.793893,26.29771,-13.58779,28.6
7868,0.07495117,1.204346,-0.175293,21.69466,19.99237,-56.25191,28.6
7855,-0.4360352,0.8439941,-0.2299805,-26.22137,-15.74809,4.854962,28.45882
7829,-0.0871582,1.038818,-0.2312012,-6.870229,-1.229008,31.58015,28.45882
7800,0.1992188,0.9599609,-0.002929688,-10.38168,-12.37405,35.80153,28.55294
7774,0.2685547,0.8798828,-0.1445313,2.870229,8.732824,38.32824,28.50588
7782,0.324707,0.939209,-0.135498,9.122137,1.648855,45.87786,28.45882
7780,0.5627441,0.8989258,-0.236084,5.236641,0.3664122,10.75572,28.6
7828,0.3564453,0.9108887,-0.3010254,-1.557252,0.7938931,7.030534,28.50588
7810,0.342041,0.9455566,-0.2382813,-3.19084,1.198473,3.526718,28.45882
7813,0.3496094,0.9313965,-0.1640625,-9.106871,0.3740458,1.007634,28.64706
7796,0.34375,0.9230957,-0.1374512,-7.099236,-1.435114,-2.816794,28.50588
7820,0.3361816,0.9645996,-0.08398438,3.557252,-2.061069,-6.145038,28.55294
7789,0.2976074,0.9462891,-0.1428223,3.526718,-4.748092,-7.061069,28.55294
8231,0.2543945,0.9538574,-0.1948242,4.282443,-1.969466,-5.229008,28.55294
7876,0.2543945,0.940918,-0.2463379,2.137405,-0.961832,-4.48855,28.64706
7816,0.2663574,0.9367676,-0.2373047,-0.8854962,-0.7175572,-3.984733,28.55294
7824,0.2695313,0.9477539,-0.1977539,-1.038168,-0.6564885,-3.664122,28.6
7820,0.2561035,0.9599609,-0.171875,-1.335878,-0.9770992,-3.152672,28.55294
7810,0.2429199,0.9604492,-0.1831055,0.7557252,-0.8167939,-1.656489,28.6
7802,0.2338867,0.9584961,-0.1992188,-0.1068702,-0.5343512,0.1984733,28.6
7808,0.2463379,0.9521484,-0.2148438,-1.305344,-0.02290076,1.694656,28.64706
7807,0.2619629,0.9494629,-0.213623,-2.312977,0.0610687,2.083969,28.50588
7791,0.28125,0.9450684,-0.1884766,-2.015267,0.4656488,1.587786,28.55294
7825,0.2895508,0.9467773,-0.1855469,-1.862595,0.04580153,0.7328244,28.6
7786,0.2861328,0.9414063,-0.1845703,-1.549618,-0.2366412,0.1221374,28.55294
7814,0.2836914,0.9511719,-0.1806641,-1.030534,-0.832061,-0.2824428,28.64706
7858,0.2731934,0.9462891,-0.1843262,-0.480916,-0.9465649,-0.5725191,28.50588
8206,0.2509766,0.9428711,-0.1928711,-2.19084,-0.1221374,0.6946565,28.50588
7844,0.2609863,0.9472656,-0.1826172,-1.328244,-0.2213741,0.5648855,28.50588
7816,0.2668457,0.9440918,-0.1889648,-0.7633588,-0.7633588,0.8244275,28.6
7767,0.2768555,0.951416,-0.1821289,0.4351145,-0.4580153,0.351145,28.64706
7774,0.0925293,0.5727539,-0.5744629,103.8397,250.1298,3.801527,28.55294
7828,1.680664,1.002441,-0.222168,70.38168,122.8092,-96.56489,28.55294
7813,0.03686523,1.219238,0.449707,-9.664123,-15.48855,-43.05344,28.64706
7823,-0.07958984,0.9487305,-0.3039551,-2.908397,91.09161,-63.29771,28.55294
7867,0.01757813,0.907959,-0.3793945,-4.748092,43.8168,-5.061069,28.45882
7781,0.2709961,1.018555,-0.159668,-13.72519,30.36641,-8.664123,28.6
7792,0.2075195,1.077148,0.04101563,-10.15267,8.954199,-33.58779,28.6
7837,-0.09936523,0.9245605,-0.2275391,-14.9771,-5.40458,-16.26718,28.64706
7834,-0.0871582,0.9453125,-0.1005859,-6.648855,-6.038168,17.27481,28.6
7776,0.1347656,0.9926758,-0.01489258,3.412214,-12.06107,27.10687,28.55294
8143,0.197998,0.9553223,-0.1298828,15.17557,9.282443,26.59542,28.55294
7820,0.2653809,0.9208984,-0.2263184,14.51908,2.206107,35.76336,28.55294
7788,0.2922363,0.9084473,-0.3349609,6.839694,3.748092,26.1145,28.6
7809,0.3869629,0.9145508,-0.3237305,-1.732824,-3.305344,11.57252,28.55294
7842,0.3342285,0.9130859,-0.269043,-7.59542,-0.961832,10.0,28.6
7788,0.3012695,0.9482422,-0.1896973,-7.48855,0.7175572,7.08397,28.6
7784,0.326416,0.9487305,-0.1303711,-2.061069,0.8091603,5.328244,28.55294
7821,0.3461914,0.9089355,-0.1276855,-0.1526718,-1.10687,1.725191,28.55294
7824,0.3862305,0.923584,-0.1699219,1.977099,-2.473282,-2.793893,28.6
7777,0.3371582,0.9299316,-0.2214355,5.938931,-3.083969,-6.198473,28.55294
7781,0.293457,0.9335938,-0.2299805,-0.6412213,-2.114504,-7.045802,28.64706
7836,0.2731934,0.942627,-0.2175293,-2.633588,-7.160306,-9.259542,28.50588
7829,0.2424316,0.9587402,-0.2072754,-1.503817,-1.160305,-4.236641,28.64706
7819,0.2333984,0.9562988,-0.1723633,-0.03053435,-1.282443,-2.938931,28.6
7802,0.248291,0.9526367,-0.1672363,0.129771,-0.8931297,-0.5419847,28.6
8176,0.2529297,0.9519043,-0.2084961,0.4961832,-0.4122138,0.9160305,28.64706
7865,0.253418,0.9519043,-0.2241211,-0.9541985,-0.03053435,2.068702,28.55294
7818,0.2700195,0.9414063,-0.2050781,-2.145038,0.3053435,2.48855,28.50588
7828,0.2880859,0.9472656,-0.1845703,-1.381679,0.3664122,1.984733,28.55294
7823,0.296875,0.9414063,-0.1787109,-0.5954198,-0.09923664,0.9236641,28.6
7817,0.2915039,0.9370117,-0.1982422,-0.4351145,-0.4961832,-0.08396947,28.64706
7791,0.2844238,0.935791,-0.2033691,-0.02290076,-0.5343512,-0.9236641,28.55294
7831,0.2824707,0.9504395,-0.2097168,-1.091603,-0.2213741,-1.068702,28.6
7842,0.2719727,0.9462891,-0.1943359,-2.259542,-0.09923664,-0.6946565,28.55294
7822,0.2587891,0.9370117,-0.1867676,-0.5038168,0.1221374,-0.01526718,28.50588
7787,0.263916,0.9487305,-0.197998,-1.015267,-0.5801527,0.610687,28.55294
7802,0.267334,0.9433594,-0.1938477,-0.06870229,-0.08396947,0.7633588,28.64706
7822,0.2768555,0.9384766,-0.2001953,-1.007634,1.175573,2.648855,28.50588
8203,0.284668,0.9421387,-0.2104492,-1.526718,-0.06870229,0.4732824,28.55294
7834,0.2875977,0.9406738,-0.1906738,-0.6641222,0.0610687,-0.03053435,28.64706
7827,0.2827148,0.9467773,-0.1938477,-1.519084,-0.6030535,-0.1450382,28.55294
7779,0.2570801,1.297852,-0.1445313,134.7939,250.1298,-47.06107,28.64706
7779,0.3322754,0.8486328,-0.03173828,86.1145,250.1298,-40.43512,28.55294
7804,1.149902,0.2529297,-0.6459961,3.687023,-24.58015,-57.90076,28.64706
7804,0.2236328,1.017334,-1.089355,4.496183,3.763359,-55.54198,28.50588
7793,-0.02807617,1.267822,-0.1689453,5.687023,86.92367,-29.96947,28.55294
7823,0.2165527,0.8112793,-0.2932129,-20.56489,33.12214,6.343512,28.50588
7800,0.4123535,0.7558594,-0.3256836,-11.22901,11.36641,-43.1145,28.55294
7831,-0.05517578,0.9614258,-0.3085938,-10.96947,-0.03053435,-37.53435,28.50588
7822,-0.1835938,1.077148,0.04663086,-9.580153,-12.03817,10.47328,28.55294
7821,0.02050781,0.9899902,-0.06030273,-0.610687,-6.740458,24.87023,28.6
7790,0.1630859,0.9707031,-0.07836914,9.61832,6.656488,27.59542,28.55294
8185,0.3566895,0.9128418,-0.3662109,1.603053,0.2290076,12.35114,28.50588
7827,0.3469238,0.8950195,-0.3161621,-8.694656,0.9160305,8.541985,28.55294
7793,0.3337402,0.9404297,-0.1774902,-7.694656,1.007634,5.832061,28.6
7818,0.3322754,0.9345703,-0.1166992,-2.587786,0.4580153,3.51145,28.64706
7801,0.3491211,0.9470215,-0.07666016,0.3740458,-2.496183,0.5267176,28.55294
7800,0.3364258,0.9440918,-0.1359863,3.236641,-2.969466,-2.587786,28.6
7827,0.3154297,0.9372559,-0.2209473,3.320611,-3.389313,-5.366412,28.55294
7827,0.2856445,0.9436035,-0.2414551,-0.5725191,-3.007634,-6.229008,28.6
7837,0.2526855,0.9428711,-0.2399902,-1.816794,-1.465649,-4.801527,28.50588
7843,0.2348633,0.9521484,-0.1992188,-2.923664,-0.6412213,-2.877863,28.64706
7820,0.2390137,0.958252,-0.1494141,-1.549618,-0.2824428,-1.221374,28.6
7823,0.2529297,0.9541016,-0.1677246,0.5572519,-0.4580153,-0.5114504,28.55294
7782,0.2536621,0.9465332,-0.203125,0.8015267,-1.145038,0.3816794,28.6
7801,0.2470703,0.9511719,-0.2233887,-0.3053435,-0.5496183,1.916031,28.64706
8182,0.2646484,0.9448242,-0.2094727,-1.473282,0.6793893,1.938931,28.50588
7854,0.2907715,0.9399414,-0.1904297,-1.977099,0.1374046,1.335878,28.50588
7780,0.2895508,0.9438477,-0.1779785,-1.725191,0.09160305,0.7480916,28.55294
7845,0.2885742,0.9494629,-0.1818848,0.03053435,-1.129771,-0.03816794,28.55294
7812,0.2910156,0.9367676,-0.1989746,-0.7633588,-0.8396947,-0.6870229,28.6
7857,0.2722168,0.9436035,-0.2121582,-1.282443,-0.6183206,-0.6564885,28.6
7836,0.2685547,0.954834,-0.189209,-1.183206,-0.3129771,-0.389313,28.50588
7803,0.2519531,0.9499512,-0.1872559,-1.625954,0.2213741,-0.03053435,28.55294
7828,0.2602539,0.9538574,-0.1936035,-1.015267,-0.351145,0.7557252,28.6
7788,0.2680664,0.9526367,-0.1918945,-0.8015267,-0.129771,0.9694656,28.6
7761,0.7111816,0.9035645,0.05029297,90.09161,250.1298,-40.53435,28.50588
7836,1.101318,0.4990234,-0.5097656,-0.8473283,-21.33588,-50.05344,28.55294
7810,0.2248535,0.9890137,-0.9914551,24.75573,20.61069,-58.45802,28.50588
7776,-0.3022461,1.219971,-0.2700195,5.29771,88.51908,-24.05343,28.55294
8187,0.2363281,0.9567871,-0.1677246,-26.70992,36.48092,6.557252,28.64706
7821,0.2485352,0.9289551,-0.119873,-21.96183,2.435115,-2.40458,28.55294
7809,0.2475586,1.083496,0.1433105,-10.93893,-9.770992,-16.49618,28.6
7822,0.05566406,0.9626465,-0.1416016,-8.114504,-2.076336,-9.519084,28.55294
7787,-0.03051758,1.010742,-0.1025391,9.366412,2.854962,14.74809,28.50588
7751,0.1467285,0.9731445,-0.1103516,8.954199,4.091603,20.16031,28.6
7774,0.223877,0.970459,-0.1279297,16.32061,2.167939,21.1145,28.6
7806,0.2431641,0.9394531,-0.2446289,16.41985,3.251908,21.10687,28.64706
7756,0.2736816,0.9177246,-0.322998,6.900764,0.5954198,19.61832,28.55294
7789,0.2900391,0.932373,-0.3200684,-1.564886,0.04580153,17.72519,28.55294
7815,0.3044434,0.9350586,-0.2592773,-5.564886,1.694656,14.65649,28.6
7789,0.3286133,0.9477539,-0.1586914,-3.793893,0.5572519,12.38931,28.55294
7823,0.3378906,0.9460449,-0.109375,0.6412213,0.7328244,9.274809,28.6
7801,0.3623047,0.9321289,-0.1760254,4.465649,-1.030534,5.938931,28.6
8168,0.3737793,0.9233398,-0.2255859,3.259542,-1.78626,0.1068702,28.6
7831,0.3557129,0.9294434,-0.2380371,-0.2137404,-2.450382,-2.725191,28.50588
7867,0.314209,0.9311523,-0.2270508,-2.541985,-1.122137,-4.80916,28.55294
7848,0.2954102,0.9467773,-0.1958008,-2.458015,-0.961832,-5.145038,28.6
7808,0.2727051,0.9494629,-0.171875,-2.099237,-1.854962,-4.908397,28.55294
7848,0.2458496,0.9375,-0.145752,-0.09923664,-13.28244,-15.29771,28.55294
7825,0.239502,0.9604492,-0.2094727,1.160305,-0.4122138,-0.9694656,28.55294
7791,0.2473145,0.9555664,-0.2155762,0.4503817,-0.6030535,0.519084,28.69412
7819,0.253418,0.9536133,-0.2087402,-1.580153,-0.1526718,1.603053,28.55294
7803,0.2648926,0.9477539,-0.204834,-1.442748,0.3053435,2.335878,28.55294
7757,0.2883301,0.9455566,-0.1948242,-0.8396947,-0.03816794,2.114504,28.6
7765,0.2993164,0.9396973,-0.1933594,0.1374046,-0.1068702,0.9160305,28.50588
7826,0.3012695,0.9406738,-0.1977539,-0.3587786,-0.7099237,-0.3053435,28.55294
7864,0.2849121,0.9401855,-0.2124023,-0.8854962,0.1450382,-0.7328244,28.6
8227,0.2783203,0.9345703,-0.1950684,-0.9083969,-0.007633588,0.6717557,28.6
16265,0.2836914,0.935791,-0.2175293,-1.381679,-0.778626,1.625954,28.6
7829,0.2827148,0.9443359,-0.2001953,-1.236641,1.824428,2.572519,28.55294
7811,0.4008789,1.259766,0.0871582,128.1374,250.1298,-30.17557,28.50588
7789,0.7092285,0.7346191,-0.1540527,91.16031,250.1298,-38.36641,28.6
7807,1.571045,0.5197754,-0.6833496,23.06107,-0.4427481,-61.73283,28.55294
7810,0.07397461,1.376709,-0.5834961,19.12977,30.86259,-69.08397,28.6
7821,-0.3647461,1.286865,-0.3718262,-6.770992,67.55725,-26.37405,28.64706
7806,0.1687012,0.8205566,-0.4052734,-25.84733,45.70229,-1.061069,28.55294
7800,0.2775879,0.9758301,-0.07617188,-23.18321,1.603053,-4.473282,28.50588
7820,0.2521973,0.9528809,-0.02294922,-25.9542,-8.526717,-7.824428,28.50588
7810,0.1501465,1.092285,0.004150391,-9.961832,-6.251908,-13.9313,28.45882
7811,-0.04248047,0.9902344,-0.05004883,-0.870229,-0.519084,11.25954,28.55294
7761,0.1291504,0.984375,-0.06518555,10.74046,2.679389,19.58015,28.50588
8188,0.2231445,0.9675293,-0.1293945,17.86259,4.183206,19.59542,28.64706
7843,0.2446289,0.9453125,-0.215332,20.33588,3.633588,21.74809,28.55294
7791,0.2746582,0.9216309,-0.3186035,10.06107,1.435114,21.42748,28.6
7817,0.2949219,0.9311523,-0.3530273,-0.007633588,-0.2061069,21.39695,28.6
7774,0.3369141,0.9350586,-0.2844238,-5.343512,1.679389,16.31298,28.64706
7827,0.3320313,0.9262695,-0.2102051,-8.633588,-0.1068702,13.46565,28.6
7798,0.3356934,0.9360352,-0.1411133,-2.854962,0.2290076,11.07634,28.6
7798,0.3671875,0.9316406,-0.1235352,1.244275,-1.206107,7.870229,28.6
7809,0.3984375,0.9274902,-0.1904297,2.89313,-2.465649,2.564885,28.6
7806,0.3837891,0.9099121,-0.2624512,2.366412,-1.824428,-3.053435,28.55294
7821,0.3601074,0.9150391,-0.2563477,-0.01526718,-1.923664,-6.167939,28.6
7808,0.3134766,0.942627,-0.2133789,-2.679389,-1.900763,-7.282443,28.6
7853,0.2731934,0.9462891,-0.1826172,-3.580153,-1.961832,-6.08397,28.55294
7795,0.2458496,0.9489746,-0.1740723,-2.137405,-1.244275,-4.236641,28.50588
8161,0.2502441,0.9477539,-0.1987305,0.04580153,-0.8091603,-1.320611,28.55294
7849,0.2548828,0.9484863,-0.2072754,0.870229,-0.3206107,0.1908397,28.50588
7827,0.2509766,0.949707,-0.2050781,-1.145038,-0.3816794,2.045802,28.6
7770,0.263916,0.9470215,-0.2058105,-0.9923664,0.6641222,2.778626,28.6
7774,0.3010254,0.9396973,-0.1791992,-0.3129771,0.5114504,2.862595,28.6
7787,0.3227539,0.9331055,-0.1945801,0.2519084,-0.05343511,1.618321,28.64706
7782,0.3146973,0.9360352,-0.1916504,0.08396947,-0.3358779,0.2748091,28.55294
7828,0.3212891,0.9450684,-0.2072754,-0.4732824,-0.1832061,-0.3664122,28.55294
7830,0.3024902,0.9389648,-0.1960449,-0.5877862,-0.3435115,-0.9847328,28.45882
7800,0.282959,0.9348145,-0.215332,-1.007634,0.6030535,-1.10687,28.50588
7880,0.2824707,0.9450684,-0.1958008,-1.030534,-0.2061069,-0.1450382,28.64706
7808,0.2841797,0.9414063,-0.2009277,0.4656488,-0.1068702,0.480916,28.6
7823,0.2727051,0.949707,-0.2026367,0.2290076,-0.03816794,1.259542,28.55294
7792,0.2995605,0.9418945,-0.2036133,-0.2290076,0.4122138,1.236641,28.55294
8192,0.3054199,0.9335938,-0.1887207,-1.137405,-0.7175572,0.7022901,28.50588
7864,0.3034668,0.9399414,-0.1962891,-2.053435,-0.5648855,0.03053435,28.6
7798,0.2167969,1.02832,-0.1750488,124.4657,250.1298,-19.46565,28.55294
7788,0.8308105,0.9768066,0.04199219,80.1832,250.1298,-40.51908,28.6
7823,1.362549,0.3894043,-0.5246582,8.076336,-31.19084,-58.13741,28.55294
7827,0.07568359,0.8918457,-0.7092285,21.14504,7.793893,-73.25191,28.50588
7848,-0.3173828,1.099121,-0.3852539,-3.992366,59.61069,-26.21374,28.6
7763,0.1384277,0.7675781,-0.3195801,-31.39695,36.16794,-1.007634,28.64706
7850,0.2197266,0.9726563,-0.107666,-27.45038,-6.770992,-0.610687,28.55294
7803,0.2131348,0.958252,0.01831055,-20.29771,-8.122137,-12.52672,28.6
7803,0.01660156,0.9291992,0.002441406,-9.877863,-6.572519,-4.274809,28.6
7800,-0.001464844,1.0,0.006591797,0.9923664,-1.48855,19.55725,28.55294
7764,0.2016602,0.951416,-0.04907227,9.877863,2.89313,20.67175,28.55294
7747,0.2443848,0.9553223,-0.1103516,15.22901,3.343511,17.93893,28.55294
8189,0.2956543,0.9353027,-0.3220215,-7.198473,0.5038168,9.923664,28.50588
7845,0.2746582,0.9450684,-0.1445313,-9.801527,1.282443,10.64886,28.55294
7834,0.2971191,0.9453125,-0.1276855,-4.641222,-0.2061069,9.496183,28.55294
7817,0.3405762,0.9453125,-0.1264648,-1.206107,-3.244275,5.290076,28.50588
7838,0.3742676,0.9008789,-0.1435547,-1.992366,-9.198473,3.541985,28.45882
7860,0.3684082,0.9177246,-0.2316895,2.480916,-1.885496,-4.51145,28.6
7845,0.322998,0.9370117,-0.2373047,0.4198473,-2.091603,-6.694656,28.55294
7867,0.2768555,0.9467773,-0.2397461,-0.2977099,-1.618321,-6.671756,28.6
7802,0.2495117,0.9550781,-0.1984863,-2.061069,-0.7480916,-5.152672,28.64706
7820,0.232666,0.9501953,-0.1762695,-1.641221,-0.9007633,-2.648855,28.55294
7818,0.2348633,0.9555664,-0.1870117,-0.3587786,-0.6946565,-0.4351145,28.55294
7788,0.2412109,0.9489746,-0.2053223,0.3587786,-0.1755725,0.9923664,28.55294
7805,0.2470703,0.963623,-0.2094727,-0.3740458,-0.3435115,2.099237,28.50588
7775,0.2473145,0.9455566,-0.2141113,-0.5954198,1.129771,2.938931,28.50588
8158,0.2849121,0.9443359,-0.2038574,-0.7099237,0.961832,2.442748,28.45882
7844,0.2956543,0.9370117,-0.1975098,-0.6870229,0.5038168,1.282443,28.55294
7810,0.2932129,0.9431152,-0.2009277,-0.3206107,-0.2977099,0.129771,28.6
7793,0.2814941,0.9438477,-0.2141113,0.04580153,-0.08396947,-0.4122138,28.55294
7883,0.2763672,0.9506836,-0.2028809,-0.1068702,2.832061,3.48855,28.45882
7792,0.263916,0.9521484,-0.1970215,0.5496183,1.625954,0.1832061,28.55294
7804,0.269043,0.9453125,-0.2033691,-0.1603053,0.3282443,0.3664122,28.55294
7816,0.2697754,0.9460449,-0.1982422,0.1679389,0.1755725,0.5801527,28.45882
7806,0.2739258,0.9506836,-0.2163086,4.114504,2.083969,1.198473,28.55294
7808,0.1276855,0.4931641,-0.7084961,106.4733,250.1298,9.877863,28.55294
7810,1.176758,0.8762207,-0.4978027,65.76336,219.3359,-124.9924,28.55294
7835,0.1408691,1.423096,-0.08862305,-12.10687,-29.45802,-26.48855,28.6
7822,-0.1669922,0.7250977,-0.8227539,-38.34351,56.9542,-54.87023,28.55294
7836,-0.2023926,1.007813,-0.260498,-13.16794,39.63359,-2.122137,28.6
8145,0.114502,1.033936,0.03613281,-28.0229,17.61069,13.80916,28.45882
7806,0.1940918,0.9555664,-0.0168457,-12.62595,3.091603,17.07634,28.45882
7812,0.2099609,1.043213,0.04248047,4.450382,7.91603,16.33588,28.55294
7756,0.2109375,0.9257813,-0.03710938,7.534351,13.05344,9.587787,28.50588
7774,0.2390137,0.9558105,-0.07495117,19.12214,3.679389,11.12214,28.6
7787,0.2756348,0.9360352,-0.2363281,20.84733,-2.312977,13.0916,28.55294
7800,0.2919922,0.9240723,-0.2998047,13.70229,-0.4885496,11.30534,28.55294
7789,0.3105469,0.9196777,-0.3815918,6.19084,2.419847,7.267176,28.55294
7801,0.3491211,0.9326172,-0.338623,-1.236641,0.09923664,8.603053,28.55294
7787,0.3835449,0.9157715,-0.2851563,-6.954198,1.587786,3.267176,28.55294
7785,0.390625,0.9140625,-0.2050781,-7.137404,1.618321,-6.015267,28.50588
7824,0.3369141,0.9465332,-0.1430664,-6.450382,0.259542,-9.877863,28.6
7838,0.2883301,0.9599609,-0.1237793,-1.442748,-2.312977,-9.633588,28.64706
7822,0.2495117,0.9489746,-0.1743164,-0.129771,-4.236641,-5.503817,28.50588
8192,0.2236328,0.9558105,-0.2270508,0.8015267,-5.648855,-3.870229,28.55294
7890,0.2019043,0.9609375,-0.2128906,-1.358779,-5.030534,-1.022901,28.55294
7850,0.1970215,0.9621582,-0.2111816,-2.358779,-7.961832,1.114504,28.6
7851,0.2556152,0.9572754,-0.1743164,-4.19084,-20.51908,1.641221,28.55294
7776,0.2944336,0.9116211,-0.1750488,0.7938931,-0.2366412,2.870229,28.64706
7795,0.3029785,0.9453125,-0.1992188,1.328244,-1.366412,0.4961832,28.50588
7814,0.291748,0.9309082,-0.2214355,1.679389,-1.480916,-0.05343511,28.55294
7787,0.2609863,0.9411621,-0.2404785,-0.6412213,0.1908397,0.6641222,28.55294
7826,0.2695313,0.9348145,-0.2353516,-2.183206,0.1221374,-0.519084,28.55294
7805,0.2626953,0.9448242,-0.2072754,-1.480916,4.458015,0.2213741,28.6
7780,0.2678223,0.9521484,-0.1677246,-0.3664122,4.473282,2.229008,28.50588
7781,0.2741699,0.947998,-0.1843262,0.648855,2.381679,0.610687,28.6
7793,0.2661133,0.9453125,-0.2167969,1.450382,5.48855,3.625954,28.45882
7819,0.2680664,0.9443359,-0.2329102,0.9465649,4.687023,-0.3587786,28.55294
8179,0.2629395,0.953125,-0.2165527,0.4045802,3.19084,-1.10687,28.55294
7828,0.2744141,0.9553223,-0.203125,0.3358779,0.2519084,0.259542,28.6
7822,0.2666016,0.9533691,-0.2050781,0.2366412,0.7251908,-0.5877862,28.55294
7819,0.604248,1.105469,-0.1308594,94.25191,250.1298,-36.98473,28.50588
7778,0.1394043,0.7880859,-0.1784668,93.25954,250.1298,-40.07634,28.55294
7771,1.338379,0.3439941,-0.2426758,53.67176,44.64885,-131.229,28.6
7824,0.1921387,0.8981934,-1.061279,-8.488549,-26.75573,-22.26718,28.55294
7820,-0.2658691,1.239258,-0.3334961,-18.45038,59.54198,-23.26718,28.50588
7825,-0.07910156,0.9338379,-0.3168945,-13.32824,79.25954,-16.25954,28.55294
7824,0.1418457,1.040527,-0.0004882813,-25.9084,30.41985,7.351145,28.50588
7800,0.1936035,1.039063,0.09545898,-12.85496,1.687023,32.83969,28.55294
7793,0.5466309,0.9804688,0.1047363,15.55725,-14.54198,16.34351,28.6
7785,0.1972656,0.9992676,0.02124023,3.541985,-4.053435,16.70992,28.50588
7819,0.2902832,0.8913574,-0.1027832,26.16031,12.9084,0.9160305,28.55294
8186,0.3491211,0.904541,-0.3151855,22.65649,-7.992366,13.87786,28.6
7822,0.3520508,0.8911133,-0.453125,9.236641,-7.70229,5.030534,28.64706
7808,0.3156738,0.9221191,-0.4301758,-1.732824,0.6183206,1.938931,28.6
7794,0.3510742,0.8813477,-0.359375,-11.44275,-5.10687,-0.351145,28.6
7794,0.3464355,0.923584,-0.2299805,-12.28244,12.68702,-17.32061,28.55294
7797,0.3061523,0.9633789,-0.09985352,-10.1145,-5.061069,-5.992366,28.55294
7817,0.2597656,0.9709473,-0.06665039,-3.244275,-5.580153,-6.137404,28.6
7819,0.2297363,0.958252,-0.1311035,1.587786,-1.89313,-5.465649,28.55294
7814,0.2072754,0.9528809,-0.2285156,3.961832,-0.4656488,-3.015267,28.6
7825,0.1989746,0.9619141,-0.1608887,-2.160305,-25.62595,-5.816794,28.50588
7793,0.2258301,0.9765625,-0.2807617,-2.061069,-14.44275,3.251908,28.45882
7818,0.2753906,0.9289551,-0.2211914,-0.7557252,-10.31298,3.267176,28.6
7807,0.2929688,0.9291992,-0.487793,5.541985,1.580153,2.458015,28.55294
7832,0.3034668,0.9553223,-0.182373,0.9007633,-0.5267176,-0.7557252,28.50588
8186,0.284668,0.9506836,-0.230957,0.0610687,-0.740458,-1.229008,28.55294
7870,0.2563477,0.9460449,-0.2375488,-1.984733,-0.6870229,-0.6183206,28.55294
7818,0.2424316,0.9528809,-0.2058105,-1.78626,0.2900764,1.030534,28.55294
7781,0.2441406,0.9494629,-0.1843262,0.5877862,6.152672,4.862596,28.55294
7796,0.2512207,0.9487305,-0.1901855,1.755725,23.52672,1.755725,28.6
7753,0.2766113,0.965332,-0.1860352,1.473282,3.885496,1.541985,28.6
7772,0.2695313,0.9541016,-0.2214355,1.480916,0.5954198,1.160305,28.50588
7834,0.2805176,0.927002,-0.2290039,-0.5114504,4.08397,1.137405,28.6
7799,0.2736816,0.9404297,-0.1999512,-0.2900764,4.08397,-0.519084,28.55294
7835,0.2617188,0.9499512,-0.1999512,-0.2213741,0.1374046,-0.03816794,28.6
7796,0.2563477,0.9411621,-0.2019043,-0.3969466,0.6259542,-0.4503817,28.64706
7798,0.2617188,0.9418945,-0.2175293,0.8549618,0.2824428,-0.3435115,28.50588
7836,0.2692871,0.9418945,-0.217041,0.0610687,4.847328,-3.0,28.55294
7802,0.2668457,0.9367676,-0.2253418,-1.832061,4.030534,-2.129771,28.45882
8060,-0.05102539,0.7004395,-0.8791504,145.916,250.1298,98.30534,28.55294
7844,0.3615723,1.330566,0.119873,94.78626,250.1298,-78.60305,28.55294
7829,0.4035645,1.010742,-0.3215332,6.969466,-31.54962,-15.98473,28.6
7825,-0.2492676,0.4873047,-1.091064,-21.34351,35.03817,-52.87023,28.55294
7799,-0.4333496,1.134033,-0.4143066,-12.58015,49.0,20.77099,28.6
7800,0.05200195,1.035156,0.02514648,-32.28244,15.89313,43.39695,28.55294
7812,0.1296387,0.8945313,-0.08789063,-22.53435,-4.221374,52.48092,28.6
7790,0.4594727,0.9782715,0.07983398,-8.267176,-10.77099,21.54962,28.55294
7815,0.291748,0.9187012,-0.04760742,2.931298,5.351145,16.77099,28.50588
7792,0.4050293,0.9033203,-0.05932617,9.671756,-3.633588,9.251908,28.50588
7804,0.3500977,0.9333496,-0.1706543,12.8626,-2.648855,3.648855,28.45882
7818,0.3430176,0.9272461,-0.2497559,12.62595,-2.610687,0.05343511,28.64706
7801,0.3024902,0.9343262,-0.2993164,8.221375,-0.2671756,-1.244275,28.55294
7825,0.3010254,0.9306641,-0.3366699,1.931298,-0.4274809,-2.251908,28.50588
8203,0.2873535,0.9462891,-0.1408691,-2.21374,-0.4427481,-5.015267,28.55294
7821,0.279541,0.9526367,-0.1547852,1.29771,-1.167939,-5.992366,28.50588
7837,0.282959,0.9406738,-0.1865234,2.51145,-1.267176,-6.89313,28.6
7794,0.2734375,0.9638672,-0.234375,0.3358779,-4.748092,-4.068702,28.55294
7779,0.2443848,0.956543,-0.2363281,0.1755725,-6.145038,-3.603053,28.50588
7851,0.2363281,0.9377441,-0.2814941,-0.7862596,0.9694656,-0.8473283,28.55294
7798,0.2590332,0.9458008,-0.2253418,-1.061069,1.916031,0.5038168,28.41176
7804,0.2827148,0.9619141,-0.1882324,-0.3129771,-0.5496183,0.2824428,28.6
7799,0.28125,0.9455566,-0.1906738,-0.03053435,-1.030534,0.1450382,28.55294
7836,0.2775879,0.9438477,-0.2111816,0.6870229,-0.2137404,0.5648855,28.55294
7811,0.2580566,0.9458008,-0.2062988,-0.7557252,0.8091603,-0.0610687,28.6
7797,0.2573242,0.9489746,-0.2373047,0.4656488,-0.8091603,1.19084,28.45882
7807,0.2727051,0.9450684,-0.2160645,-2.587786,-0.0610687,0.740458,28.45882
7813,0.2780762,0.9482422,-0.1984863,-2.389313,-0.1450382,-0.4732824,28.55294
8153,0.2624512,0.9504395,-0.1982422,-0.480916,-0.3282443,-0.09923664,28.55294
7878,0.2607422,0.9526367,-0.1955566,0.007633588,-0.2519084,0.0610687,28.6
7839,0.2609863,0.9462891,-0.2202148,0.1450382,0.8473283,-0.1755725,28.45882
7813,0.2724609,0.9458008,-0.223877,-1.083969,0.519084,0.03053435,28.50588
7809,0.2807617,0.9321289,-0.2185059,-2.015267,0.6335878,-0.5114504,28.45882
7799,0.2819824,0.9438477,-0.2026367,-1.580153,0.7480916,-1.259542,28.6
7799,0.2775879,0.9570313,-0.1958008,-0.2061069,0.610687,-0.9541985,28.50588
7813,0.2617188,0.9470215,-0.2072754,-0.7709923,0.02290076,-0.7938931,28.55294
7837,0.2624512,0.9501953,-0.1987305,0.02290076,-0.6717557,-0.5267176,28.55294
7850,0.2712402,0.9399414,-0.217041,-0.1832061,0.2061069,-0.778626,28.6
7798,0.276123,0.9438477,-0.2143555,-0.648855,0.3816794,-0.8778625,28.50588
7785,0.3139648,0.5397949,-0.1887207,110.5725,250.1298,-36.47328,28.55294
7791,1.341064,0.7739258,-0.2387695,19.38931,-5.625954,-54.62595,28.6
7788,-0.06542969,1.04834,-1.115967,14.36641,21.87023,-0.2137404,28.45882
8189,-0.487793,1.149414,-0.5541992,27.64122,104.2824,18.74046,28.55294
7846,-0.06591797,1.121338,-0.1386719,-16.28244,35.90076,22.03817,28.55294
7824,0.1071777,0.8759766,-0.1884766,-20.37405,-0.8015267,50.50382,28.55294
7805,0.2402344,0.9768066,-0.05908203,-9.076336,-8.977099,40.25191,28.50588
7837,0.3742676,0.9624023,-0.1137695,-2.625954,-11.41221,16.93893,28.55294
7817,0.3256836,0.9067383,-0.1787109,-0.4580153,0.5114504,20.12977,28.6
7797,0.3947754,0.9450684,-0.1115723,6.740458,-2.618321,11.54198,28.50588
7789,0.3676758,0.9331055,-0.1884766,6.38168,-2.519084,3.442748,28.55294
7801,0.348877,0.9064941,-0.2617188,1.450382,1.007634,-5.755725,28.50588
7815,0.3110352,0.8979492,-0.3076172,0.9160305,-0.03053435,-6.793893,28.55294
7821,0.276123,0.9482422,-0.2263184,-2.244275,-0.4503817,-7.10687,28.55294
7807,0.2446289,0.9550781,-0.2226563,-5.229008,1.374046,-8.366412,28.50588
7785,0.2487793,0.9484863,-0.1777344,-4.21374,-0.1526718,-7.183206,28.6
7817,0.2575684,0.9560547,-0.1728516,-0.9312977,-0.6946565,-5.664122,28.55294
8168,0.2607422,0.9543457,-0.1870117,0.480916,-0.8091603,-6.419847,28.50588
7879,0.2351074,0.9621582,-0.1992188,-0.129771,0.2061069,-5.160306,28.50588
7876,0.2314453,0.9572754,-0.2158203,0.3587786,-0.9160305,-3.183206,28.6
7801,0.2270508,0.9660645,-0.1992188,1.671756,-0.3129771,-1.923664,28.50588
7815,0.2319336,0.9562988,-0.1894531,-0.9007633,-0.9083969,-0.5648855,28.55294
7790,0.2353516,0.9389648,-0.1914063,-1.259542,-0.3969466,-0.2137404,28.6
7805,0.2607422,0.951416,-0.189209,-1.21374,-1.061069,-0.7251908,28.55294
7793,0.2644043,0.9536133,-0.2021484,0.2290076,-1.473282,-1.274809,28.55294
7817,0.2492676,0.9692383,-0.1889648,0.2061069,-0.6793893,-1.053435,28.6
16260,0.2368164,0.9492188,-0.1975098,-0.4122138,-1.10687,-0.5877862,28.55294
7828,0.2597656,0.9587402,-0.2058105,-0.7099237,-1.083969,0.4351145,28.50588
7807,0.2509766,0.9545898,-0.2050781,-1.114504,-0.480916,0.4351145,28.55294
7790,0.248291,0.9482422,-0.1884766,-0.4198473,-0.3740458,0.08396947,28.55294
7824,0.2443848,0.940918,-0.2128906,-0.6183206,-0.09160305,0.03053435,28.55294
8220,0.25,0.9555664,-0.2062988,-1.099237,-0.08396947,-0.06870229,28.55294
7845,-0.003417969,1.026123,-0.2084961,110.3053,250.1298,126.0916,28.55294
7745,0.7531738,0.7817383,0.02807617,104.2519,250.1298,-2.717557,28.6
7816,1.072998,0.5200195,0.4702148,16.45802,-23.18321,-45.05344,28.45882
7788,-0.1455078,0.3842773,-1.283936,22.1145,62.07634,-49.54198,28.45882
7785,-0.4541016,1.188965,-0.395752,19.54962,86.06107,28.27481,28.50588
7776,-0.04907227,1.010254,-0.2714844,-15.14504,28.19847,22.96183,28.55294
7808,0.1169434,0.9428711,-0.1550293,-12.63359,7.450382,37.35115,28.45882
7817,0.1699219,0.9963379,-0.03320313,-5.793893,8.358779,14.09924,28.50588
7823,0.3237305,0.9272461,-0.1755371,-2.496183,-13.80153,15.35878,28.45882
7793,0.3081055,0.9121094,-0.2009277,-1.389313,-0.7175572,14.72519,28.50588
7757,0.4030762,0.9443359,-0.1640625,4.129771,2.48855,5.10687,28.50588
7793,0.3955078,1.007813,-0.161377,1.335878,0.4122138,-2.908397,28.45882
8158,0.3383789,0.9216309,-0.2392578,-3.412214,0.1145038,-6.396946,28.41176
7858,0.2927246,0.9475098,-0.2199707,-4.091603,-0.3664122,-8.900764,28.55294
7820,0.2521973,0.9418945,-0.1989746,-4.839694,-0.03053435,-9.511451,28.50588
7799,0.2084961,0.9746094,-0.1860352,-2.40458,2.305344,-8.091603,28.55294
7791,0.2219238,0.9523926,-0.1943359,-1.885496,-0.7557252,-4.709924,28.6
7814,0.2207031,0.9665527,-0.1608887,-0.7328244,-0.4656488,-1.015267,28.55294
7816,0.2414551,0.953125,-0.1862793,-1.755725,-0.03816794,-1.351145,28.64706
7860,0.270752,0.954834,-0.1955566,-0.06870229,-0.6412213,-0.1374046,28.6
7822,0.2839355,0.958252,-0.1901855,-1.412214,-0.5801527,-1.167939,28.55294
7842,0.279541,0.9523926,-0.1984863,-1.198473,-0.8473283,-1.625954,28.6
7819,0.251709,0.9467773,-0.1904297,-1.083969,-0.5954198,-1.541985,28.55294
7855,0.2412109,0.9567871,-0.1872559,-0.1984733,-0.9083969,-0.4580153,28.55294
7824,0.2436523,0.9580078,-0.1882324,0.9312977,-1.160305,0.3816794,28.50588
7778,0.2609863,0.9477539,-0.1977539,-0.0610687,-0.4503817,0.6793893,28.50588
8175,0.267334,0.9509277,-0.2185059,0.5725191,-1.007634,-0.3587786,28.55294
7854,0.2531738,0.9367676,-0.2043457,0.2061069,0.03816794,-0.06870229,28.45882
7806,0.2536621,0.9443359,-0.1889648,-1.061069,-0.6335878,-0.5496183,28.55294
7827,0.2602539,0.9472656,-0.1921387,-0.6641222,-1.137405,0.05343511,28.50588
7799,0.2612305,0.9445801,-0.1826172,1.580153,-1.618321,1.320611,28.55294
7825,0.2558594,0.9450684,-0.1901855,-1.282443,0.2748091,0.2748091,28.45882
7806,0.2475586,0.9501953,-0.2131348,-1.40458,-0.1908397,-0.129771,28.50588
7807,0.2629395,0.9550781,-0.2116699,-1.251908,-0.9389313,-0.9007633,28.55294
7796,0.09130859,0.8532715,-0.2504883,107.8168,250.1298,-1.954198,28.45882
7798,0.8640137,0.5349121,0.1037598,60.83969,178.2214,-51.65649,28.55294
7775,0.3457031,1.085449,-0.3508301,46.74046,21.9084,-11.00763,28.50588
7803,0.00390625,0.7885742,-0.2043457,-3.534351,15.03053,-9.801527,28.6
7847,-0.1328125,1.210938,-0.7167969,11.54962,37.78626,46.91603,28.55294
7780,-0.05688477,1.071777,-0.3032227,5.641222,35.99237,33.66412,28.55294
8182,0.2189941,0.9370117,-0.157959,-14.94656,4.862596,7.59542,28.50588
7831,0.1547852,1.003906,-0.109375,-5.305344,4.900764,8.977099,28.6
7817,0.2563477,0.9245605,-0.1335449,-0.5419847,1.282443,10.41985,28.45882
7797,0.2946777,0.9460449,-0.1413574,-0.4503817,1.931298,6.984733,28.6
7774,0.3325195,0.9309082,-0.1142578,3.572519,0.9083969,3.145038,28.55294
7810,0.3308105,0.9174805,-0.1821289,-0.6717557,0.08396947,-3.465649,28.55294
7800,0.2687988,0.935791,-0.1911621,0.1908397,-0.9083969,-4.129771,28.6
7842,0.2368164,0.972168,-0.1921387,-0.4656488,-0.3358779,-4.145038,28.45882
7825,0.2104492,0.9650879,-0.1872559,-0.832061,-0.7938931,-2.320611,28.55294
7838,0.204834,0.947998,-0.1882324,-2.022901,1.175573,-0.7328244,28.50588
7792,0.2246094,0.9665527,-0.1574707,-2.122137,0.1221374,0.8549618,28.6
7775,0.2468262,0.9489746,-0.1650391,-0.1679389,0.4427481,0.03053435,28.55294
7828,0.2512207,0.9570313,-0.1708984,-1.076336,-0.04580153,-1.366412,28.50588
7829,0.2597656,0.9499512,-0.1760254,-0.7251908,-0.3587786,-2.549618,28.41176
8213,0.2392578,0.9533691,-0.1708984,-0.4198473,-0.5114504,-0.7328244,28.50588
7865,0.2421875,0.9506836,-0.1791992,0.2137404,-0.5725191,-2.427481,28.55294
7811,0.2453613,0.9482422,-0.1831055,1.251908,-0.8167939,-1.801527,28.55294
7826,0.2358398,0.9501953,-0.1804199,-2.396947,0.4198473,-4.206107,28.50588
7805,0.229248,0.9462891,-0.1906738,-1.19084,0.1832061,-4.80916,28.45882
7813,0.2277832,0.9375,-0.1889648,-1.70229,0.3816794,-3.160305,28.6
7828,0.2497559,0.9667969,-0.1555176,1.122137,-0.4427481,0.04580153,28.50588
7795,0.2353516,0.9729004,-0.1638184,-0.01526718,-1.015267,-0.08396947,28.45882
7794,0.2255859,0.947998,-0.1757813,-0.2442748,0.007633588,-0.389313,28.6
7815,0.2285156,0.9533691,-0.1826172,-0.8244275,-0.4656488,-0.1908397,28.55294
7839,0.2363281,0.9580078,-0.1860352,-0.740458,-0.4732824,-0.0610687,28.55294
7794,0.1694336,1.040527,-0.01855469,102.3053,250.1298,3.160305,28.45882
7791,1.197266,0.7817383,-0.2741699,47.25191,94.51908,-37.60305,28.6
7807,0.08935547,0.9013672,-0.3562012,16.00763,2.091603,-18.60305,28.50588
8176,0.1184082,1.175781,-0.1838379,33.71756,56.29771,112.3206,28.45882
7834,0.03637695,1.078613,-0.170166,49.96183,43.58779,-7.480916,28.64706
7844,-0.02563477,1.033936,-0.1713867,-4.587786,35.61832,-9.0,28.55294
7778,0.0859375,1.012695,-0.1665039,-0.1145038,21.22901,0.4274809,28.6
7772,0.1257324,0.9995117,-0.1582031,1.076336,16.51145,3.946565,28.6
7775,0.1865234,0.9831543,-0.1210938,0.1603053,11.87786,10.58015,28.50588
7789,0.2358398,0.9541016,-0.1459961,0.8167939,10.47328,9.717557,28.45882
7836,0.3000488,0.9614258,-0.1362305,0.8778625,5.748092,6.580153,28.6
7829,0.310791,0.942627,-0.1447754,-2.648855,-0.3740458,2.206107,28.55294
7795,0.2905273,0.9411621,-0.1479492,-2.870229,0.7328244,-2.29771,28.45882
7829,0.251709,0.9584961,-0.1477051,-3.19084,1.312977,-4.282443,28.6
7854,0.220459,0.9624023,-0.1416016,-3.748092,-1.015267,-3.061069,28.45882
7799,0.1943359,0.9658203,-0.1481934,-1.496183,0.6946565,-2.671756,28.45882
7845,0.197998,0.9665527,-0.1467285,-0.5954198,0.4351145,-1.778626,28.45882
8182,0.2307129,0.9536133,-0.1547852,-2.946565,0.8091603,-1.801527,28.50588
7852,0.2260742,0.9570313,-0.1618652,-1.335878,1.48855,-3.801527,28.45882
7798,0.2419434,0.9648438,-0.1437988,-2.603053,0.3129771,-7.137404,28.45882
7825,0.2297363,0.9645996,-0.1479492,-3.755725,-0.4274809,-6.335878,28.50588
7810,0.2192383,0.9648438,-0.1333008,-1.458015,-0.02290076,-3.900763,28.50588
7785,0.2197266,0.9633789,-0.1416016,-0.8931297,0.2977099,-3.427481,28.50588
7819,0.2353516,0.9643555,-0.1333008,0.01526718,-1.679389,-2.961832,28.55294
7789,0.2102051,0.9589844,-0.1547852,-0.1145038,0.1526718,-2.832061,28.50588
7795,0.2099609,0.9526367,-0.1589355,0.07633588,0.129771,-1.931298,28.55294
7829,0.2145996,0.9526367,-0.1618652,-0.8091603,0.2213741,-3.687023,28.6
7837,0.1999512,0.9667969,-0.1508789,-0.648855,-0.6183206,-2.633588,28.45882
7825,0.215332,0.9714355,-0.1469727,-1.48855,-0.3587786,-0.4427481,28.50588
7819,0.2172852,0.9694824,-0.1240234,-0.6335878,-0.4351145,-0.04580153,28.55294
8179,0.2092285,0.9633789,-0.138916,-0.5419847,-0.870229,0.3206107,28.50588
7791,0.4494629,0.8259277,-0.07128906,69.23664,250.1298,18.52672,28.45882
7834,0.956543,0.822998,-0.2387695,67.27481,157.0992,-25.82443,28.50588
7812,0.2502441,0.857666,-0.5117188,19.69466,62.53435,-28.16031,28.55294
7803,0.2436523,0.9916992,-0.1381836,31.32061,54.72519,-24.42748,28.50588
7786,0.06713867,0.973877,-0.2487793,29.06107,79.16031,-18.38168,28.50588
7770,0.1467285,0.9697266,-0.1833496,15.0229,75.15267,-0.6641222,28.55294
7777,0.1308594,1.068604,-0.1057129,12.58015,85.83969,40.58015,28.50588
7817,0.4768066,0.9829102,-0.005126953,7.320611,-14.90076,-7.335878,28.55294
7841,-0.02539063,0.904541,-0.1567383,5.80916,3.961832,-4.396946,28.55294
7783,0.1320801,0.9829102,-0.1398926,3.282443,-0.8625955,0.3587786,28.50588
7785,0.1728516,0.9743652,-0.1494141,3.473282,-0.7251908,3.984733,28.55294
7794,0.1975098,0.9619141,-0.1730957,0.2671756,0.4961832,3.847328,28.55294
7828,0.2314453,0.954834,-0.1599121,-1.389313,-0.7175572,2.862595,28.45882
8226,0.2175293,0.9562988,-0.1208496,-2.961832,-0.5648855,-1.801527,28.45882
7842,0.2080078,0.9633789,-0.1279297,-3.19084,-0.7862596,-1.496183,28.45882
7822,0.197998,0.9685059,-0.1430664,-4.061069,0.02290076,-1.19084,28.45882
7846,0.2150879,0.9667969,-0.1386719,-4.648855,-0.08396947,-1.335878,28.50588
7837,0.2226563,0.9663086,-0.1066895,-3.801527,-1.709924,-1.183206,28.50588
7831,0.2058105,0.9619141,-0.1223145,-2.274809,-0.5038168,-3.664122,28.55294
7846,0.2145996,0.9699707,-0.1118164,-1.954198,-1.328244,-2.732824,28.50588
7820,0.2211914,0.9543457,-0.1210938,-1.610687,-1.564886,-5.053435,28.50588
7818,0.2036133,0.956543,-0.1259766,-1.206107,-0.03053435,-5.473282,28.45882
7776,0.2209473,0.9641113,-0.1179199,0.7862596,-1.053435,-4.236641,28.45882
7834,0.2080078,0.9641113,-0.1223145,-1.458015,-0.6564885,-4.045802,28.50588
7805,0.1884766,0.96875,-0.1279297,-0.7633588,-0.5419847,-2.572519,28.45882
7799,0.1879883,0.9521484,-0.1281738,-0.09923664,-0.07633588,-0.8931297,28.50588
7805,0.1894531,0.9680176,-0.1079102,-1.129771,-0.2366412,-0.1526718,28.55294
8238,0.2138672,0.9716797,-0.1098633,-0.7022901,-0.4198473,0.09923664,28.50588
7857,0.2050781,0.9609375,-0.1083984,2.045802,0.1450382,-0.2137404,28.50588
7796,0.2050781,0.9614258,-0.1276855,0.2900764,-0.6564885,-0.6564885,28.55294
7814,0.1936035,0.9655762,-0.1162109,0.05343511,-0.2824428,-0.2748091,28.6
7780,0.1911621,0.9645996,-0.1169434,0.1450382,0.007633588,0.1068702,28.55294
7812,0.2050781,0.9624023,-0.1176758,-0.1068702,-1.10687,-0.1755725,28.50588
7851,0.206543,0.970459,-0.1054688,-1.114504,-1.229008,-0.01526718,28.50588
7786,0.1982422,0.9655762,-0.1274414,0.1603053,-0.4198473,0.4656488,28.45882
7784,0.201416,0.9606934,-0.1262207,-0.2748091,0.2671756,0.1450382,28.50588
7766,0.6540527,0.6069336,0.08813477,58.45038,250.1298,-37.90076,28.50588
7815,0.5808105,1.042236,-0.1303711,70.61069,30.70992,-27.35114,28.45882
7785,0.1359863,1.188965,-0.2714844,64.73283,55.41985,-11.22137,28.55294
7790,0.3000488,0.9934082,-0.2719727,33.51908,62.71756,-10.44275,28.50588
8193,0.3479004,0.9338379,-0.2775879,40.96183,54.52672,-23.81679,28.55294
7837,0.3405762,0.9233398,-0.2109375,13.65649,1.770992,-31.87786,28.55294
7813,0.1711426,0.9787598,-0.1618652,10.36641,1.648855,-32.69466,28.45882
16234,0.01147461,0.9709473,-0.2438965,5.312977,-0.05343511,-16.64886,28.50588
7805,0.06494141,0.9658203,-0.1523438,2.221374,1.832061,-8.946565,28.55294
7798,0.09082031,0.9875488,-0.1000977,2.656489,-0.778626,-0.7022901,28.50588
7810,0.1040039,0.9868164,-0.1164551,1.152672,0.6717557,4.351145,28.55294
7767,0.1691895,0.9724121,-0.1225586,-0.5572519,0.3282443,6.198473,28.55294
7808,0.229248,0.9511719,-0.1484375,-1.778626,-1.160305,5.007634,28.50588
7857,0.2456055,0.9477539,-0.1320801,-3.755725,-0.778626,2.572519,28.45882
7819,0.2426758,0.9509277,-0.1105957,-4.435114,-0.610687,0.3740458,28.50588
7797,0.2312012,0.9709473,-0.08789063,-3.954198,-0.3358779,-1.152672,28.55294
7854,0.2089844,0.9633789,-0.07202148,-2.374046,-0.2290076,-1.374046,28.36471
7827,0.2033691,0.9584961,-0.1049805,-0.832061,-0.8931297,-0.7480916,28.45882
8261,0.2001953,0.9567871,-0.1401367,-2.572519,-0.9160305,-0.5801527,28.55294
7861,0.197998,0.9614258,-0.1228027,-3.053435,0.2213741,-0.03816794,28.50588
7803,0.2016602,0.9599609,-0.09936523,-3.030534,-0.3282443,0.2213741,28.55294
7799,0.2072754,0.9614258,-0.1003418,-1.618321,-0.07633588,-0.2061069,28.50588
7803,0.222168,0.9558105,-0.09960938,-1.977099,-1.244275,-0.7480916,28.45882
7840,0.2041016,0.9663086,-0.09301758,-1.435114,-0.7022901,-1.343511,28.50588
7795,0.2158203,0.965332,-0.09472656,0.2213741,-1.114504,-1.541985,28.45882
7844,0.1967773,0.9614258,-0.1101074,0.7175572,-0.6183206,-1.70229,28.55294
7828,0.1904297,0.9626465,-0.1086426,0.0,-1.007634,-1.076336,28.50588
7806,0.2036133,0.9606934,-0.1166992,-0.2977099,-0.04580153,-0.5419847,28.41176
7819,0.1914063,0.9626465,-0.1120605,-0.7862596,-0.7480916,0.5419847,28.36471
7775,0.2155762,0.9660645,-0.08691406,0.4961832,-0.9847328,-0.007633588,28.41176
7843,0.1989746,0.9555664,-0.1030273,0.740458,0.351145,-0.1374046,28.50588
7840,0.2028809,0.9619141,-0.1149902,-0.07633588,0.09160305,-0.3358779,28.41176
8153,0.1853027,0.9675293,-0.1164551,-0.7480916,0.1145038,0.3282443,28.55294
7836,0.1994629,0.9648438,-0.1040039,-0.4122138,-0.7099237,1.045802,28.41176
7825,0.2028809,0.9570313,-0.1098633,-0.0610687,-0.5267176,0.8091603,28.50588
7819,0.2077637,0.953125,-0.1147461,-0.1526718,-0.2824428,0.2519084,28.45882
7840,0.2121582,0.9619141,-0.1137695,-0.1908397,-0.3358779,-0.2519084,28.50588
7799,0.2102051,0.9641113,-0.1083984,-0.6793893,-0.6335878,-0.5496183,28.45882
7822,0.2011719,0.9665527,-0.1079102,-0.4656488,-0.610687,-0.3053435,28.50588
7792,0.1965332,0.9624023,-0.1159668,-1.099237,-0.6259542,0.3129771,28.45882
7821,0.1965332,0.9619141,-0.114502,-1.442748,-0.3282443,0.1068702,28.55294
7809,0.2072754,0.9702148,-0.1142578,-1.312977,-0.6793893,-0.2748091,28.50588
7788,0.2077637,0.9694824,-0.1064453,-0.6946565,-0.4580153,-0.4732824,28.45882
7813,0.203125,0.9592285,-0.1015625,-0.7022901,-0.5725191,-0.6412213,28.41176
7800,0.1984863,0.9626465,-0.1113281,-0.3129771,-0.4732824,-0.4045802,28.50588
8205,0.1984863,0.9638672,-0.1179199,-0.7709923,-0.4351145,-0.129771,28.55294
7858,0.197998,0.9624023,-0.1101074,-0.5954198,-0.7022901,0.03053435,28.45882
7891,0.2104492,0.9692383,-0.1015625,-0.6412213,-0.7709923,-0.4732824,28.45882
7816,0.2019043,0.9648438,-0.104248,-0.6717557,-0.7709923,-0.4656488,28.50588
7794,0.934082,0.6691895,0.1643066,113.2061,250.1298,-21.75573,28.50588
7761,1.208008,0.8847656,-0.3300781,63.13741,33.86259,-12.87786,28.36471
7813,0.5141602,1.321777,-0.0703125,48.58015,38.33588,-24.74046,28.50588
7829,0.3413086,0.8120117,-0.2883301,49.54962,34.67176,-22.67175,28.55294
7780,0.5310059,0.9311523,-0.1206055,44.82443,27.26718,-9.320611,28.55294
7801,0.2915039,0.9387207,-0.1616211,19.96947,13.12214,-35.33588,28.41176
7763,0.3056641,0.9655762,-0.1428223,23.52672,5.244275,-34.78626,28.41176
7815,0.2614746,0.9577637,-0.1086426,20.48855,2.854962,-36.29771,28.45882
7799,0.1740723,0.9375,-0.1223145,21.75573,9.343512,-32.45802,28.50588
8176,0.1655273,0.9353027,-0.1665039,21.98473,19.62595,-26.9084,28.50588
7842,0.2314453,0.9584961,-0.1586914,19.98473,0.9083969,-22.29771,28.50588
7770,0.151123,0.9689941,-0.1806641,10.33588,0.9847328,-16.25191,28.55294
7811,0.154541,0.9562988,-0.1860352,7.564886,1.717557,-10.96183,28.41176
7788,0.1542969,0.9731445,-0.190918,3.755725,1.458015,-4.648855,28.45882
7770,0.1601563,0.9599609,-0.1774902,-0.5877862,2.419847,0.1679389,28.41176
7772,0.1999512,0.9482422,-0.1618652,-4.824428,0.389313,3.152672,28.45882
7806,0.2255859,0.9680176,-0.1130371,-4.068702,2.053435,3.664122,28.41176
7830,0.2607422,0.9562988,-0.07617188,-4.465649,0.5038168,3.450382,28.45882
7782,0.2680664,0.9519043,-0.0793457,-4.198473,0.6335878,1.412214,28.41176
7804,0.2741699,0.9553223,-0.09863281,-1.572519,0.2748091,0.5419847,28.36471
7800,0.276123,0.9472656,-0.1020508,-2.610687,-0.6641222,-0.610687,28.50588
7788,0.2626953,0.932373,-0.1330566,1.51145,-0.3740458,-2.89313,28.50588
7863,0.2441406,0.9545898,-0.08886719,-2.29771,0.1450382,-1.862595,28.36471
8203,0.2316895,0.9609375,-0.1003418,-2.610687,0.1068702,-1.435114,28.41176
7832,0.2336426,0.9624023,-0.09204102,-1.870229,-0.3435115,-0.8473283,28.45882
7796,0.2458496,0.9570313,-0.09741211,-1.557252,-0.3664122,-0.4427481,28.41176
7789,0.2587891,0.9577637,-0.08178711,-0.480916,-0.7557252,-0.5954198,28.55294
7848,0.2512207,0.9545898,-0.09545898,0.6259542,-0.4961832,-0.9923664,28.45882
7825,0.2441406,0.9477539,-0.1071777,0.129771,-0.1984733,-1.320611,28.50588
7802,0.2404785,0.972168,-0.09863281,0.09160305,-0.1755725,-0.4580153,28.55294
7807,0.2355957,0.9553223,-0.1098633,0.3740458,-0.2137404,0.3053435,28.50588
7835,0.2402344,0.951416,-0.1064453,-0.6259542,-0.3969466,0.2366412,28.36471
7776,0.2490234,0.9572754,-0.1081543,0.2442748,0.09160305,0.3053435,28.55294
7798,0.25,0.9577637,-0.1018066,0.3816794,-0.2519084,-0.3358779,28.50588
7811,0.2392578,0.9584961,-0.1137695,0.07633588,0.2671756,-0.259542,28.45882
7820,0.2456055,0.9555664,-0.1071777,-0.2061069,-0.8778625,-0.06870229,28.41176
7830,0.2321777,0.9553223,-0.111084,-0.02290076,-0.129771,0.5954198,28.45882
8236,0.2424316,0.9511719,-0.1142578,-1.473282,-0.08396947,0.1755725,28.45882
7859,0.2529297,0.951416,-0.104248,-0.4427481,-0.4503817,-0.6183206,28.45882
7873,0.2387695,0.9594727,-0.1003418,-0.8931297,-0.5572519,-0.4122138,28.50588
7807,0.2375488,0.9494629,-0.1032715,-0.870229,-0.3206107,0.1603053,28.55294
7813,0.2434082,0.956543,-0.109375,-1.114504,-0.5954198,0.1755725,28.50588
7813,0.248291,0.9489746,-0.1071777,-0.9847328,-0.4045802,0.03816794,28.45882
7858,0.2478027,0.9526367,-0.1057129,-0.4503817,-0.4656488,-0.2824428,28.50588
7812,0.260498,0.9545898,-0.09667969,-1.160305,-0.9236641,-0.610687,28.45882
7826,0.2456055,0.9526367,-0.1062012,-0.8549618,-0.1374046,-0.8473283,28.41176
7821,0.2468262,0.9567871,-0.1018066,-0.870229,-0.5954198,-1.274809,28.36471
7828,0.2412109,0.9555664,-0.1176758,-1.374046,0.03816794,-1.007634,28.45882
7832,0.2409668,0.949707,-0.1142578,-0.6870229,-0.9083969,-0.259542,28.45882
7813,0.2382813,0.9641113,-0.1088867,-0.9083969,-0.1068702,0.01526718,28.45882
8187,0.2373047,0.9516602,-0.09838867,-1.122137,-0.3435115,0.3587786,28.41176
7884,0.2434082,0.9526367,-0.1091309,-0.7022901,-0.2442748,-0.04580153,28.41176
7854,0.2553711,0.9570313,-0.111084,-0.6335878,-0.4732824,-0.2442748,28.45882
7842,0.2504883,0.9538574,-0.1030273,-0.5038168,-0.2900764,-0.1984733,28.41176
7816,0.2436523,0.9560547,-0.1030273,-0.3053435,-0.5572519,-0.05343511,28.50588
7860,0.2336426,0.9501953,-0.104248,-0.9007633,-0.3816794,0.1832061,28.45882
7805,0.2431641,0.9570313,-0.1054688,-0.961832,-0.02290076,0.2977099,28.45882
7808,0.2568359,0.9455566,-0.1022949,-0.6335878,-0.4580153,-0.1374046,28.41176
7805,0.2509766,0.9526367,-0.1037598,-0.5343512,-0.3282443,-0.5267176,28.45882
7863,0.2441406,0.9567871,-0.1030273,-0.1450382,-0.3282443,-0.2824428,28.6
7815,0.2390137,0.9545898,-0.1105957,-0.3740458,-0.3740458,-0.08396947,28.41176
7803,0.2456055,0.9558105,-0.1064453,-0.3587786,-0.2977099,0.04580153,28.45882
7827,0.2504883,0.9519043,-0.1108398,-0.4656488,-0.3282443,-0.1984733,28.50588
8152,0.2456055,0.9484863,-0.1115723,-0.7251908,-0.519084,-0.4503817,28.45882
7841,0.2490234,0.954834,-0.1015625,-0.6412213,-0.4656488,-0.351145,28.45882
7832,0.2419434,0.9538574,-0.107666,-0.5267176,-0.4045802,-0.0610687,28.41176
7825,0.2480469,0.9528809,-0.1088867,-0.4198473,-0.3740458,-0.1679389,28.55294
7864,0.2495117,0.9575195,-0.1206055,-0.6412213,-0.3816794,-0.389313,28.36471
7811,0.2446289,0.9536133,-0.1098633,-0.9236641,-0.3129771,-0.5267176,28.50588
7839,0.2412109,0.9570313,-0.112793,-0.8396947,-0.2977099,-0.5419847,28.55294
7833,0.2424316,0.949707,-0.1003418,-0.4503817,-0.3053435,-0.5496183,28.45882
7794,0.2407227,0.9555664,-0.1044922,-0.6564885,-0.4045802,-0.1603053,28.45882
7827,0.2470703,0.9562988,-0.1103516,-0.2900764,-0.6030535,-0.2442748,28.50588
7832,0.2375488,0.9560547,-0.111084,-0.8015267,-0.389313,-0.2366412,28.45882
7830,0.2321777,0.9611816,-0.1071777,-1.175573,-0.4274809,0.2977099,28.41176
7809,0.2385254,0.951416,-0.1115723,-0.9007633,-0.7099237,0.6183206,28.45882
7818,0.2446289,0.9545898,-0.1015625,-1.038168,-0.519084,0.2442748,28.45882
8192,0.2578125,0.953125,-0.1018066,-0.7709923,-0.5801527,0.02290076,28.45882
7851,0.2504883,0.9506836,-0.1022949,-0.5725191,-0.7099237,-0.2442748,28.50588
7817,0.2390137,0.9494629,-0.1008301,-0.5343512,-0.5954198,-0.1679389,28.50588
7830,0.2507324,0.9543457,-0.1027832,-0.4961832,-0.1374046,0.01526718,28.45882
7816,0.2519531,0.9543457,-0.09619141,-0.4198473,-0.3435115,-0.1984733,28.41176
7795,0.2487793,0.9570313,-0.1079102,-0.5267176,-0.6870229,-0.5954198,28.45882
7811,0.2341309,0.954834,-0.1098633,-0.5954198,-0.4427481,0.04580153,28.41176
7802,0.2370605,0.9553223,-0.1113281,-0.5877862,-0.648855,0.5419847,28.45882
7841,0.2509766,0.9604492,-0.1047363,-0.5801527,-0.4351145,0.5496183,28.41176
7807,0.2470703,0.9528809,-0.09936523,-0.4961832,-0.5801527,0.2900764,28.36471
7805,0.2478027,0.9536133,-0.1027832,-0.4351145,-0.5038168,-0.08396947,28.50588
7816,0.2385254,0.954834,-0.1130371,-1.076336,-0.4503817,-0.2290076,28.45882
7842,0.6730957,0.302002,0.8557129,45.66412,-10.61832,-0.5725191,28.45882
8171,0.9594727,0.3630371,-0.04638672,53.0458,18.07634,-0.3053435,28.50588
7854,0.9802246,0.1662598,-0.2573242,27.51908,9.519084,3.70229,28.41176
