timeaxayazgxgygztemp8380,0.3181152,0.925293,-0.185791,-3.427481,-0.01526718,0.656488528.50588
7824,0.338623,0.9665527,-0.1384277,-2.351145,-0.4732824,0.61068728.50588
7839,0.3010254,0.9133301,-0.2067871,-2.229008,-0.2137404,-0.244274828.45882
7800,0.331543,0.9304199,-0.1552734,0.09160305,-0.9770992,0.404580228.55294
7806,0.3098145,0.9509277,-0.1591797,0.4351145,-0.9007633,-0.374045828.50588
7784,0.2937012,0.9353027,-0.1882324,-0.5343512,-0.5038168,0.755725228.45882
7774,0.3129883,0.9350586,-0.1784668,-0.8167939,-0.06870229,0.206106928.50588
8144,0.3046875,0.9821777,-0.1555176,-0.6946565,-0.4045802,0.923664128.50588
7801,0.310791,0.904541,-0.2006836,-2.877863,0.5725191,0.35114528.50588
7770,0.3530273,0.9221191,-0.2041016,-2.78626,-1.458015,-0.0839694728.55294
7798,0.3095703,0.9472656,-0.1687012,0.389313,-0.9923664,-0.77862628.55294
7793,0.298584,0.9350586,-0.1367188,-1.236641,-0.7938931,-0.450381728.55294
7770,0.2873535,0.9445801,-0.2026367,-0.1908397,-0.1984733,0.0916030528.6
7777,0.3232422,0.934082,-0.1901855,-1.900763,0.9389313,0.028.45882
8180,0.3173828,0.9377441,-0.1740723,-0.4427481,0.870229,0.0381679428.50588
7829,0.328125,0.9487305,-0.1323242,-0.1832061,-1.267176,-0.274809128.55294
7830,0.3251953,0.9289551,-0.1398926,1.137405,-1.679389,-0.38931328.55294
7797,0.3127441,0.9394531,-0.1816406,1.305344,-1.763359,-0.137404628.50588
7757,0.3190918,0.925293,-0.1933594,0.8167939,-0.3282443,-0.244274828.55294
7795,0.3112793,0.9360352,-0.2185059,0.007633588,0.1145038,0.549618328.50588
7762,0.3217773,0.9277344,-0.1608887,-2.564885,0.1145038,-0.061068728.55294
7817,0.3198242,0.9365234,-0.1508789,-0.2213741,-0.3282443,-0.190839728.50588
7793,0.3234863,0.9274902,-0.1591797,0.8931297,-1.19084,-0.190839728.45882
7797,0.3205566,0.9453125,-0.1623535,0.7633588,-1.770992,-0.251908428.50588
7827,0.3037109,0.9321289,-0.1813965,-0.9236641,-0.4427481,-0.793893128.55294
7776,0.2905273,0.9494629,-0.173584,-0.1526718,-0.6946565,0.312977128.50588
7778,0.2900391,0.9406738,-0.1794434,-1.396947,1.259542,0.679389328.6
7798,0.3100586,0.9343262,-0.175293,-1.076336,-0.1374046,0.305343528.55294
8124,0.3200684,0.9296875,-0.1486816,-0.2137404,0.1526718,0.167938928.55294
7828,0.3212891,0.9436035,-0.1572266,0.2900764,-0.7251908,-0.25954228.55294
7769,0.317627,0.9433594,-0.1872559,-0.4351145,-0.259542,-0.374045828.45882
7827,0.3239746,0.9338379,-0.1745605,-2.427481,-1.022901,-0.267175628.50588
7760,0.2978516,0.9484863,-0.1616211,-2.526718,-0.610687,0.061068728.55294
7768,0.3000488,0.9389648,-0.1508789,-2.51145,-0.519084,0.312977128.6
7773,0.3024902,0.9350586,-0.1530762,0.5496183,-0.3053435,0.656488528.6
7789,0.3271484,0.9370117,-0.1679688,0.4351145,-0.8549618,0.251908428.45882
7808,0.3261719,0.9370117,-0.1896973,-0.09923664,-1.320611,-0.381679428.50588
7777,0.2941895,0.9370117,-0.182373,-1.51145,-1.564886,-0.114503828.50588
7756,0.2980957,0.9311523,-0.1799316,1.038168,2.19084,0.0152671828.50588
7783,0.3154297,0.9328613,-0.1477051,-1.450382,0.1984733,0.0305343528.45882
7804,0.3146973,0.9433594,-0.1691895,-0.3587786,-1.29771,0.175572528.50588
7810,0.3259277,0.9382324,-0.1657715,-0.02290076,-0.6717557,0.412213828.55294
8172,0.3120117,0.9279785,-0.1784668,-1.793893,-0.3206107,0.48091628.50588
7841,0.3212891,0.9304199,-0.1721191,-1.534351,-0.3587786,0.106870228.45882
7862,0.3198242,0.9460449,-0.1618652,-0.6793893,-0.8778625,0.213740428.50588
7791,0.315918,0.9360352,-0.1652832,-0.4961832,-0.5572519,0.137404628.6
7746,0.3168945,0.9279785,-0.1804199,-0.7557252,-0.8854962,0.206106928.6
7774,0.3146973,0.9396973,-0.1655273,-0.9007633,-0.5954198,0.0305343528.55294
7830,0.328125,0.9265137,-0.1708984,-1.587786,-0.6793893,-0.251908428.50588
7791,0.3195801,0.9416504,-0.1696777,-1.0,-0.9389313,-0.64885528.55294
7775,0.2324219,1.078613,-0.3713379,95.0687,250.1298,0.603053528.55294
7784,0.5466309,0.9245605,-0.2507324,54.26717,250.1298,0.274809128.45882
7806,0.6159668,0.8752441,-0.1921387,51.86259,243.9542,-4.80152728.41176
7787,0.1540527,0.9313965,-0.08300781,51.75573,216.145,-2.58015328.55294
7775,0.2539063,0.9643555,-0.05493164,35.0916,131.0382,-7.2977128.6
7780,0.2971191,0.9460449,-0.2312012,18.10687,47.20611,-3.77862628.45882
8142,0.3007813,0.9633789,-0.0703125,1.610687,-2.572519,15.0839728.55294
7833,0.3139648,0.9067383,-0.168457,2.908397,24.77099,-5.14503828.55294
7763,0.1367188,1.040039,-0.002197266,31.27481,53.65649,71.068728.50588
7800,0.4250488,0.7961426,-0.3059082,1.061069,-12.54198,-13.9236628.45882
7791,0.2126465,0.8730469,-0.324707,-1.015267,14.78626,-14.6030528.50588
7799,0.04443359,0.9528809,-0.09765625,31.73282,66.9313,31.6335928.45882
7815,0.4848633,0.8791504,-0.2590332,-11.79389,-16.00763,-14.6946628.55294
7774,0.08349609,0.9169922,-0.2460938,-0.2519084,12.12214,-9.44274828.64706
7760,-0.04272461,1.020508,0.1101074,25.0,64.24428,57.1221428.50588
7758,0.1171875,0.862793,-0.2995605,-4.557252,-4.21374,2.4885528.64706
7773,0.1115723,0.9604492,-0.1943359,1.160305,4.648855,0.847328328.50588
7765,-0.09936523,1.090088,0.04858398,29.24427,78.41222,55.2290128.6
7796,0.1818848,0.7980957,-0.3117676,-3.465649,-10.60305,-0.862595528.45882
7796,0.2614746,0.859375,-0.3408203,-1.152672,-2.427481,-4.3816828.55294
16671,0.1030273,0.9519043,-0.0637207,0.9007633,-18.51145,-12.7404628.41176
7846,0.07080078,0.9606934,-0.1887207,1.557252,3.610687,-3.93893128.50588
7805,-0.06323242,1.031738,-0.07836914,31.64886,115.1832,25.8396928.45882
7812,1.990723,0.8852539,0.02563477,3.343511,-4.732824,-10.2137428.45882
7780,0.1005859,0.9296875,-0.2272949,-1.312977,-1.847328,-2.2977128.50588
7811,-0.1496582,1.05542,-0.1291504,45.24427,151.2214,20.4885528.45882
7764,1.631348,0.7839355,-0.01855469,9.847328,7.427481,-2.74045828.55294
7790,0.3400879,0.9025879,-0.1928711,2.916031,2.687023,1.16793928.6
7768,-0.1894531,1.135986,0.01367188,35.9084,152.1603,22.3969528.45882
7785,1.999939,0.947998,0.08349609,9.290076,-12.77863,-20.0152728.50588
7772,0.06152344,0.9257813,-0.3320313,1.541985,5.954198,-4.5114528.50588
7780,-0.2246094,1.087891,-0.126709,36.32824,146.9924,6.72519128.50588
7826,1.999939,0.8007813,-0.1047363,4.473282,-11.0458,-23.6335928.6
7779,0.05517578,0.9609375,-0.1894531,1.763359,7.938931,-3.68702328.50588
8134,-0.223877,1.04834,-0.0480957,34.23664,115.8779,36.4732828.36471
7836,0.3508301,0.7434082,-0.3166504,-5.946565,-17.36641,-6.12977128.50588
7809,0.2294922,0.980957,-0.1555176,-0.2519084,-2.251908,-1.57251928.55294
7794,0.1706543,0.9121094,-0.6230469,117.1298,250.1298,-47.1068728.45882
7781,0.302002,0.9477539,-0.4008789,77.82442,250.1298,-21.2748128.55294
7813,0.3286133,1.052246,-0.1416016,60.54962,250.1298,-29.4198528.50588
7786,-0.1164551,0.8100586,-0.2307129,44.13741,249.6031,-28.2671828.45882
7771,0.395752,0.9338379,-0.3842773,31.36641,170.2443,-22.5572528.55294
7804,0.1228027,1.032227,0.0402832,32.61069,136.7252,-15.6259528.55294
7833,0.2949219,0.8818359,-0.2126465,14.39695,68.16794,-12.045828.50588
7769,0.03417969,1.004639,-0.1635742,14.8626,42.46565,-4.7862628.55294
7787,0.2172852,0.9987793,-0.1306152,6.29771,-3.946565,2.4885528.6
7808,0.1171875,0.9365234,-0.232666,-5.167939,-5.839694,9.46564928.64706
7774,0.21875,0.9970703,-0.1552734,1.312977,-0.9847328,12.8473328.50588
7793,0.2836914,0.9741211,-0.09594727,1.29771,-2.175573,12.6183228.55294
8173,0.3293457,0.9257813,-0.1726074,0.1679389,-1.267176,9.90076428.50588
7870,0.333252,0.9313965,-0.2062988,-1.78626,-0.05343511,8.79389328.64706
7756,0.3947754,0.9934082,-0.138916,1.015267,1.664122,4.3816828.50588
7795,0.3518066,0.8950195,-0.182373,-5.40458,0.351145,-1.36641228.45882
7775,0.3115234,0.9267578,-0.1599121,-2.908397,0.3206107,-2.22137428.45882
7821,0.2839355,0.935791,-0.1313477,-0.8167939,-0.5496183,-2.14503828.50588
7802,0.2932129,0.9411621,-0.1491699,1.587786,-0.4351145,-2.06870228.45882
7774,0.2717285,0.9421387,-0.1691895,1.21374,-0.8625955,-1.53435128.50588
7765,0.2705078,0.9467773,-0.1862793,0.1755725,-0.4045802,-0.671755728.55294
7782,0.2700195,0.9433594,-0.1904297,-1.877863,-0.4656488,0.206106928.50588
7802,0.2722168,0.942627,-0.157959,-1.419847,0.0610687,0.87022928.55294
7758,0.2890625,0.9519043,-0.1445313,-0.8015267,-0.7251908,0.862595528.45882
7782,0.2941895,0.9436035,-0.1506348,-0.3282443,-0.3129771,0.824427528.55294
7823,0.2932129,0.9411621,-0.1750488,-0.3358779,-0.5267176,0.488549628.45882
8168,0.2973633,0.9536133,-0.1401367,-0.1908397,-0.870229,-0.0992366428.50588
7836,0.2888184,0.9406738,-0.1657715,0.2366412,-0.8091603,-0.404580228.69412
7804,0.2675781,0.7988281,-0.7199707,75.15267,250.1298,59.5572528.45882
7821,0.3996582,0.9008789,-0.4230957,47.12977,250.1298,-13.2366428.55294
7753,0.3327637,0.8986816,-0.1970215,25.0,224.1298,-17.7633628.6
7761,0.2507324,0.9150391,-0.09838867,14.22137,140.4275,-21.7328228.45882
7781,0.1162109,1.046875,0.09814453,26.62595,127.1374,-6.85496228.55294
7775,0.7282715,0.887207,-0.0637207,21.46565,15.70229,-10.7938928.50588
7773,-0.1140137,0.9936523,-0.1826172,19.10687,23.73282,0.251908428.55294
7769,0.1940918,0.9453125,-0.3500977,4.251908,-3.847328,10.114528.50588
7802,0.1750488,0.9360352,-0.3310547,-5.343512,-8.335877,16.4809228.50588
7792,0.2519531,0.9516602,-0.1794434,-7.877862,4.343512,18.8244328.55294
7746,0.385498,0.8005371,-0.06298828,-11.81679,8.59542,17.3435128.50588
7773,0.4902344,0.9179688,-0.05664063,-2.40458,2.679389,6.06106928.55294
8151,0.4729004,0.8847656,-0.1008301,3.923664,0.6641222,-5.34351228.50588
7822,0.4020996,0.9428711,-0.1401367,5.648855,-2.908397,-9.7862628.55294
7792,0.2612305,0.9455566,-0.1960449,2.816794,-1.656489,-7.14503828.45882
7786,0.2080078,0.9575195,-0.203125,0.7633588,-0.3282443,-2.42748128.50588
7813,0.197998,0.9523926,-0.2131348,-2.274809,0.1526718,1.96946628.45882
7716,0.2373047,0.9460449,-0.1772461,-3.954198,0.02290076,4.07633628.50588
7793,0.3093262,0.9433594,-0.1337891,-2.419847,-0.3740458,2.73282428.45882
7781,0.3325195,0.9350586,-0.1320801,-0.259542,-0.832061,0.251908428.50588
7771,0.3183594,0.9362793,-0.1547852,0.9312977,-0.8473283,-1.64885528.55294
7809,0.2890625,0.940918,-0.1818848,0.740458,-0.7633588,-1.71755728.6
7752,0.2629395,0.9438477,-0.2011719,-0.389313,-0.3358779,-0.442748128.55294
7751,0.2575684,0.9465332,-0.1845703,-1.916031,-0.04580153,0.984732828.50588
7817,0.2727051,0.9433594,-0.159668,-2.175573,-0.3358779,1.55725228.55294
7825,0.3012695,0.9418945,-0.1569824,-1.10687,-0.5954198,1.18320628.45882
8175,0.3076172,0.9433594,-0.1599121,0.2748091,-0.6793893,-0.435114528.6
7842,0.2910156,0.942627,-0.1726074,0.2900764,-0.3282443,-0.885496228.50588
7820,0.2746582,0.9445801,-0.1872559,-0.6641222,-0.351145,-0.106870228.50588
7787,0.265625,0.9470215,-0.1818848,-1.534351,-0.2137404,0.664122228.6
16233,0.2858887,0.9465332,-0.1523438,-0.9236641,-0.3053435,0.862595528.50588
7814,0.2978516,0.9475098,-0.1520996,-0.09923664,-0.5954198,0.274809128.50588
7827,0.2966309,0.940918,-0.1704102,0.03816794,-0.6335878,-0.213740428.50588
7809,0.2883301,0.9421387,-0.1899414,-0.5877862,-0.2748091,-0.282442828.45882
7813,0.2790527,0.9460449,-0.1843262,-1.59542,-0.3358779,-0.0305343528.55294
7755,0.1762695,1.041992,0.06982422,158.1679,250.1298,14.1526728.45882
7766,0.4907227,0.8244629,-1.006592,72.21374,211.0534,-36.3816828.50588
7817,0.3256836,0.8151855,-0.831543,7.503817,38.59542,-29.2442728.6
7825,-0.01611328,1.07251,-0.5302734,-28.52672,64.12977,-73.6259528.55294
7764,-0.543457,0.8647461,-0.1755371,-46.45038,34.52672,31.3206128.55294
8121,0.295166,1.022705,0.2602539,-13.92366,5.519084,32.0534428.6
7773,0.2312012,0.9995117,0.3354492,6.748092,4.38168,39.7862628.55294
7770,0.6020508,0.9384766,0.05517578,24.87786,-11.27481,5.7862628.50588
7788,0.1582031,0.9238281,-0.2375488,25.49618,0.5114504,5.01526728.55294
7787,0.2009277,0.855957,-0.2290039,28.96947,-0.7480916,5.12213828.50588
7811,0.3354492,0.8686523,-0.4216309,0.1526718,-3.259542,1.02290128.45882
7784,0.3691406,0.9455566,-0.4213867,-18.03817,1.885496,-3.79389328.6
7793,0.307373,0.9794922,-0.1801758,-18.61832,3.335878,-6.35877828.36471
7778,0.2436523,0.9523926,-0.003662109,-12.21374,1.679389,-5.32061128.50588
7757,0.2062988,0.9602051,0.03588867,1.816794,-0.2213741,-0.992366428.55294
7793,0.2106934,0.9882813,-0.05566406,10.9542,-3.282443,2.91603128.55294
7763,0.2685547,0.949707,-0.2272949,9.503817,-3.351145,3.69465628.50588
7786,0.3547363,0.9416504,-0.298584,3.419847,-2.824427,3.14503828.45882
7798,0.2912598,0.9260254,-0.3122559,-3.78626,-0.351145,-0.549618328.6
8228,0.2373047,0.9741211,-0.1245117,4.091603,-2.10687,2.33587828.55294
7854,0.2741699,0.9433594,-0.1933594,3.534351,-1.221374,2.83206128.55294
7785,0.2954102,0.9291992,-0.2355957,1.122137,-0.2748091,1.60305328.6
7780,0.3027344,0.940918,-0.2246094,-1.267176,0.480916,-0.282442828.41176
7765,0.2993164,0.9484863,-0.190918,-3.526718,0.09923664,-0.977099228.36471
7787,0.2800293,0.9404297,-0.1352539,-2.969466,0.1832061,-0.51908428.50588
7811,0.2705078,0.9575195,-0.1503906,-1.19084,-1.068702,0.183206128.45882
7764,0.2570801,0.9577637,-0.1472168,0.7175572,-0.08396947,1.22137428.41176
7789,0.2612305,0.9365234,-0.1748047,1.038168,-0.740458,1.74045828.45882
7761,0.2966309,0.939209,-0.1889648,0.9312977,-0.5267176,0.77862628.50588
7782,0.3049316,0.9431152,-0.1989746,-0.7099237,0.02290076,-0.465648828.45882
7817,0.2924805,0.9370117,-0.1860352,-2.152672,-0.6412213,-0.96183228.45882
7791,0.270752,0.9450684,-0.1694336,-1.778626,-0.1832061,-0.603053528.55294
7820,0.270752,0.9436035,-0.151123,-0.5877862,-0.870229,0.450381728.55294
8165,0.2670898,0.9560547,-0.1674805,0.9694656,-0.5343512,1.03816828.41176
7848,0.2810059,0.9433594,-0.1882324,-0.2137404,-0.5267176,0.77862628.6
7824,0.2832031,0.9472656,-0.1850586,-0.8396947,-0.7175572,0.0992366428.45882
7798,0.284668,0.9494629,-0.1789551,-0.8625955,-0.3206107,-0.213740428.45882
7811,0.282959,0.9555664,-0.1630859,-0.4732824,-0.3587786,-0.442748128.41176
7779,0.2607422,0.9521484,-0.1687012,0.07633588,-0.6717557,0.358778628.41176
7766,0.2556152,0.9545898,-0.1782227,0.3816794,0.3587786,1.09923728.55294
7765,0.2683105,0.9580078,-0.1787109,-0.4198473,0.5343512,1.1908428.50588
7757,0.567627,0.7050781,-0.215332,114.6489,250.1298,40.1984728.6
7778,1.347168,0.9870605,-0.5583496,67.22137,118.7863,-37.5267228.45882
7800,0.06494141,0.9833984,-0.8493652,18.19084,57.78626,-48.6717628.50588
7817,-0.2058105,0.9536133,-0.5412598,-27.52672,-12.96183,1.57251928.50588
7781,-0.1992188,0.9851074,-0.2858887,-34.8168,45.79389,28.2366428.45882
7752,0.388916,0.9924316,0.09667969,-24.45038,6.068702,45.0763428.6
8128,0.4453125,1.007813,0.286377,-1.21374,8.61832,27.8396928.55294
7780,0.4616699,0.9169922,0.1157227,15.78626,-4.442748,0.679389328.6
7781,0.3481445,0.934082,-0.08691406,25.35878,-7.160306,-4.63358828.55294
7779,0.2929688,1.015137,-0.3515625,25.43511,-6.671756,-5.32061128.45882
7827,0.1855469,0.927002,-0.4770508,7.763359,-1.755725,-0.12977128.6
7758,0.1655273,0.9089355,-0.5009766,-11.93893,2.435115,4.70992428.55294
7772,0.1472168,0.9133301,-0.3417969,-21.25954,5.923664,8.22137528.55294
7762,0.3066406,0.956543,-0.08203125,-16.41985,6.0,7.16030628.50588
7766,0.3742676,0.9719238,0.01220703,-7.274809,0.2824428,2.39694728.6
7746,0.3347168,0.9406738,0.01733398,4.48855,-2.633588,-1.81679428.55294
7773,0.2880859,0.9538574,-0.0847168,13.36641,-4.122138,-2.91603128.50588
7811,0.2678223,0.9343262,-0.2756348,7.89313,-2.648855,-3.71755728.45882
7771,0.2387695,0.9230957,-0.3496094,2.129771,-0.8167939,-2.67175628.45882
7788,0.2243652,0.9782715,-0.2614746,-4.335878,0.6641222,0.541984728.41176
8150,0.2546387,0.9621582,-0.1704102,-8.427481,0.870229,1.96946628.45882
7803,0.3137207,0.9355469,-0.1296387,-6.748092,-0.2137404,0.358778628.55294
7841,0.3234863,0.9450684,-0.09326172,-1.312977,-1.236641,-1.55725228.55294
7774,0.269043,0.9572754,-0.1325684,2.908397,-1.793893,-1.34351128.41176
7788,0.2416992,0.9511719,-0.1870117,3.465649,-1.587786,0.122137428.45882
7801,0.2634277,0.9399414,-0.2375488,0.740458,-0.5572519,0.557251928.50588
7740,0.2912598,0.942627,-0.2258301,-2.450382,0.4427481,0.35114528.45882
7787,0.2780762,0.9519043,-0.1687012,-3.694656,0.02290076,-0.0916030528.55294
7775,0.2692871,0.9528809,-0.1513672,-2.10687,-0.6030535,-0.122137428.50588
16212,0.2666016,0.9577637,-0.1540527,1.419847,-0.6717557,0.725190828.50588
7789,0.2788086,0.9455566,-0.2145996,1.229008,-1.053435,1.08396928.41176
7767,0.2792969,0.9460449,-0.215332,-0.6870229,-0.5267176,0.587786228.41176
7769,0.2839355,0.9523926,-0.1906738,-1.633588,-0.3664122,0.511450428.50588
7768,0.2705078,0.9553223,-0.173584,-1.099237,-0.3282443,0.35114528.41176
8188,0.2717285,0.9501953,-0.2060547,0.5954198,-0.3587786,0.656488528.45882
7812,0.2780762,0.9438477,-0.2038574,-1.251908,0.1603053,0.152671828.45882
7762,0.2749023,0.9418945,-0.1955566,-2.572519,0.1679389,0.0687022928.50588
7788,0.2807617,0.9545898,-0.1777344,-1.954198,-0.07633588,-0.0152671828.45882
7788,0.3305664,1.016357,0.3457031,95.1145,250.1298,20.091628.50588
7782,1.185303,0.8886719,-0.0390625,65.48855,189.6718,-44.2519128.45882
7795,0.293457,0.857666,-0.4104004,18.87023,48.84733,-69.5725228.55294
7796,0.01586914,1.059814,-0.2385254,13.34351,-9.984733,-43.2900828.45882
7774,-0.8374023,1.073242,-0.3005371,7.648855,83.53435,29.7709928.45882
7783,0.3583984,0.970459,-0.2055664,1.885496,-7.419847,31.2900828.55294
7765,0.1484375,0.9348145,-0.2248535,-4.442748,2.114504,29.4656528.41176
7822,0.3793945,0.9470215,-0.1433105,-2.549618,-1.961832,29.022928.45882
7757,0.4020996,0.9233398,-0.1262207,1.068702,-1.10687,17.0534328.50588
7784,0.3674316,0.9484863,-0.1499023,3.396947,-0.2748091,11.5801528.50588
8132,0.3352051,0.9265137,-0.2043457,2.709924,-0.7328244,6.87786228.45882
7826,0.2915039,0.9350586,-0.2080078,2.381679,0.09923664,3.76335928.55294
7799,0.2558594,0.9580078,-0.2033691,2.137405,-0.129771,4.028.45882
7805,0.217041,0.9641113,-0.2016602,0.8091603,0.4732824,8.83969528.50588
7788,0.2067871,0.965332,-0.2092285,-1.229008,1.625954,15.1908428.50588
7799,0.2570801,0.9318848,-0.2150879,-2.664122,1.129771,16.2900828.45882
7792,0.3452148,0.970459,-0.1635742,-1.70229,-0.4427481,8.12977128.6
7779,0.329834,0.958252,-0.1291504,0.06870229,0.3664122,5.93129828.50588
7775,0.3337402,0.9335938,-0.1826172,0.6412213,-0.9236641,2.4885528.45882
7775,0.3117676,0.9208984,-0.2036133,0.8091603,-1.374046,0.572519128.55294
7779,0.2819824,0.9367676,-0.2119141,-0.2213741,-0.1832061,-0.175572528.55294
7781,0.2861328,0.9511719,-0.2043457,-1.793893,0.1221374,-0.755725228.41176
7776,0.276123,0.9377441,-0.1894531,-3.526718,-0.2290076,-0.503816828.55294
7799,0.2727051,0.9472656,-0.1660156,-2.038168,-0.4274809,0.412213828.50588
8176,0.2900391,0.9550781,-0.1582031,0.870229,-0.4885496,-0.106870228.36471
7786,0.2973633,0.9577637,-0.1638184,1.076336,0.05343511,-1.03816828.50588
7840,0.3005371,0.9455566,-0.1999512,-2.419847,-0.3053435,-2.26717628.50588
7803,0.2717285,0.9465332,-0.1960449,-3.328244,-0.4732824,-0.908396928.45882
7807,0.2651367,0.9445801,-0.1782227,-1.51145,0.1374046,-0.374045828.41176
7811,0.2851563,0.9262695,-0.1655273,-1.206107,-0.1984733,-0.435114528.45882
7820,0.2871094,0.9470215,-0.1862793,-1.129771,-0.6717557,-0.793893128.6
7805,0.2741699,0.9460449,-0.1774902,-0.2366412,-0.6946565,-0.725190828.45882
7787,0.2739258,0.9470215,-0.1777344,-0.3740458,-0.4961832,0.137404628.50588
7781,0.2709961,0.9465332,-0.1899414,-0.2061069,-0.8396947,0.396946628.55294
7749,0.2890625,0.9443359,-0.1994629,-0.9541985,-0.5648855,0.580152728.50588
7794,0.2851563,0.9484863,-0.1938477,-1.40458,-0.1374046,0.458015328.36471
7791,0.2822266,0.9414063,-0.1711426,-0.9236641,-0.4427481,0.274809128.50588
7787,0.2775879,0.9455566,-0.1586914,0.6793893,-0.8396947,0.282442828.55294
8150,0.2705078,0.9577637,-0.1445313,1.70229,-1.473282,0.824427528.45882
7832,0.2680664,0.9443359,-0.208252,0.1908397,-2.358779,0.64885528.41176
7741,0.2783203,0.9494629,-0.1784668,0.6030535,-0.7175572,0.824427528.6
7769,0.2744141,0.9460449,-0.197998,-0.832061,-0.6259542,0.770992328.45882
7743,0.2783203,0.940918,-0.177002,-0.3129771,0.1755725,1.25954228.55294
7803,0.3410645,1.144043,-0.4047852,85.96183,250.1298,-33.3969528.41176
7777,0.3918457,0.7817383,-0.2338867,36.84733,250.1298,-50.2900828.45882
7790,1.041748,0.7429199,-0.2780762,-3.824427,65.45802,-61.2595428.41176
7805,0.1225586,1.019531,-0.1088867,-31.66412,-11.31298,-50.1603128.45882
7764,-0.01196289,1.088135,0.04931641,13.62595,70.54962,-16.2137428.45882
7770,0.2629395,1.031738,0.05200195,7.977099,12.75572,-6.33587828.50588
7774,0.09667969,0.9699707,-0.1237793,6.885496,-6.793893,8.96183228.45882
7790,0.1225586,0.9648438,-0.2019043,12.0458,-0.1908397,14.2137428.45882
7770,0.2416992,0.9645996,-0.1369629,13.25191,2.984733,15.7022928.55294
8170,0.3034668,0.9470215,-0.2058105,-3.89313,-0.01526718,4.41984728.45882
7832,0.3000488,0.9538574,-0.135498,-5.725191,-0.4427481,0.824427528.45882
7789,0.2561035,0.9372559,-0.1567383,-1.038168,0.259542,-0.503816828.50588
7817,0.2678223,0.9675293,-0.1384277,3.526718,-1.030534,-0.213740428.41176
7807,0.2563477,0.9729004,-0.173584,3.236641,-1.900763,0.0763358828.55294
7782,0.2458496,0.9438477,-0.2314453,1.442748,-1.442748,0.12977128.41176
7770,0.251709,0.9406738,-0.2333984,-1.267176,-0.6259542,0.717557228.55294
7774,0.2514648,0.9545898,-0.2038574,-2.480916,0.03816794,0.656488528.50588
7800,0.2453613,0.9553223,-0.1721191,-2.389313,0.3740458,0.748091628.45882
7803,0.2524414,0.9523926,-0.1674805,-1.580153,-0.1832061,1.50381728.50588
7753,0.2641602,0.9550781,-0.170166,0.3816794,-0.4885496,0.900763328.45882
7799,0.2692871,0.9511719,-0.1845703,0.1374046,-0.7480916,-0.183206128.50588
7787,0.2602539,0.9443359,-0.204834,-0.09923664,-0.870229,-0.51908428.45882
7812,0.2556152,0.9470215,-0.2126465,-1.236641,0.1526718,-0.366412228.50588
16573,0.2443848,0.9567871,-0.1772461,-1.877863,-0.08396947,0.374045828.41176
7835,0.2578125,0.9572754,-0.1723633,-1.267176,-0.1145038,0.38931328.45882
7842,0.2636719,0.951416,-0.1811523,-0.832061,-0.5419847,0.167938928.45882
7809,0.2636719,0.9467773,-0.1860352,-0.8167939,-0.5954198,-0.198473328.50588
7799,0.2529297,0.954834,-0.1804199,-0.01526718,0.1832061,-0.290076428.50588
7759,0.2509766,0.9562988,-0.1914063,-0.4656488,0.1679389,0.190839728.55294
7769,0.265625,0.9567871,-0.1606445,0.1679389,0.1221374,1.05343528.50588
7782,0.2553711,0.9345703,-0.1906738,-2.10687,-1.10687,0.931297728.55294
7814,0.2548828,0.9511719,-0.1931152,-1.290076,-0.3435115,0.412213828.50588
7800,0.2675781,0.9699707,-0.1647949,-0.389313,-0.3206107,-0.381679428.50588
7827,0.2607422,0.9555664,-0.1591797,-0.8854962,-0.8778625,-0.38931328.45882
7767,0.2373047,0.9489746,-0.1867676,-0.4961832,-0.519084,0.198473328.45882
7769,0.2473145,0.9570313,-0.1762695,0.9236641,-0.5114504,0.503816828.50588
7802,0.2609863,0.9570313,-0.1867676,-0.1068702,-1.015267,0.511450428.50588
8218,0.2680664,0.9475098,-0.199707,-0.2290076,-0.3435115,0.0458015328.55294
7838,0.2597656,0.9450684,-0.1914063,-0.8931297,-0.5419847,-0.152671828.55294
7786,0.2478027,0.9562988,-0.182373,-0.7557252,-0.5725191,0.427480928.41176
7797,0.2478027,0.9567871,-0.182373,-0.740458,-0.5038168,0.526717628.41176
7782,0.2590332,0.9477539,-0.1884766,0.1374046,-0.4427481,0.465648828.45882
7781,0.2597656,0.9550781,-0.1843262,0.1755725,-0.8625955,0.122137428.41176
7805,0.2624512,0.9382324,-0.1938477,-0.7557252,-0.9007633,-0.137404628.45882
7804,0.251709,0.9455566,-0.2067871,-0.2824428,-0.4351145,-0.0458015328.50588
7773,0.2253418,0.6560059,-0.4987793,110.8779,250.1298,5.93129828.50588
7793,1.118896,0.7023926,-0.5456543,88.25191,145.374,-62.9389328.50588
7804,0.5056152,1.142334,-0.6254883,6.267176,-4.938931,-82.931328.50588
7809,-0.0703125,0.9873047,-0.7851563,-25.80916,31.66412,-65.3511428.45882
7797,-0.4978027,1.041016,-0.2282715,-27.57252,77.58015,17.4656528.31765
8162,0.1308594,1.063965,0.02783203,-30.85496,4.480916,13.7786328.55294
7799,0.1530762,1.022949,0.112793,-9.900764,12.87023,23.045828.45882
7747,0.3395996,0.9526367,0.07495117,-0.0610687,-2.519084,11.7557228.45882
7773,0.2595215,0.9663086,-0.06982422,7.931298,-0.9770992,10.045828.50588
7748,0.2434082,0.9726563,-0.1398926,9.938931,1.526718,12.3206128.41176
7790,0.3046875,0.9467773,-0.1630859,14.01527,1.137405,12.6259528.50588
7751,0.3303223,0.9602051,-0.1728516,11.56489,-1.358779,9.44274828.45882
7788,0.3547363,0.925293,-0.2119141,7.656488,-2.854962,0.580152728.41176
7811,0.3505859,0.921875,-0.2150879,5.687023,-2.259542,-7.96183228.55294
7786,0.2958984,0.9335938,-0.2268066,2.572519,-2.381679,-11.5877928.50588
7811,0.2416992,0.9628906,-0.1943359,1.396947,-2.152672,-12.0610728.55294
7763,0.2265625,0.7900391,-0.1428223,3.076336,-0.9541985,-13.5954228.50588
7821,0.09863281,0.9746094,-0.2487793,-0.1221374,0.6183206,-4.50381728.45882
7791,0.1674805,0.9689941,-0.2268066,-2.473282,-1.40458,0.122137428.41176
8153,0.1982422,0.9550781,-0.182373,-3.977099,-0.6793893,4.31297728.45882
8169,0.2385254,0.9543457,-0.1877441,-0.3740458,0.2137404,-0.221374128.50588
7819,0.2404785,0.9545898,-0.1750488,0.648855,-0.3969466,-0.167938928.41176
7816,0.234375,0.9597168,-0.1960449,0.3740458,-0.2977099,-0.251908428.55294
7790,0.220459,0.9572754,-0.1916504,-0.1145038,-0.129771,0.160305328.45882
7766,0.2314453,0.9567871,-0.1911621,-0.5877862,-0.7328244,0.25954228.41176
7773,0.2280273,0.9592285,-0.1884766,-1.175573,0.1068702,0.48091628.45882
7788,0.2302246,0.9555664,-0.168457,-1.687023,-0.1221374,0.824427528.41176
7783,0.2365723,0.9597168,-0.1801758,-1.740458,-0.4122138,0.755725228.45882
7794,0.2304688,0.9572754,-0.1762695,-1.679389,-0.4198473,1.00763428.50588
7777,0.2414551,0.9545898,-0.1894531,-0.0610687,0.7557252,0.847328328.55294
7820,0.2495117,0.9648438,-0.1809082,-0.7862596,-0.2442748,0.328244328.41176
7824,0.2368164,0.9587402,-0.171875,-1.015267,-0.1908397,0.35114528.45882
7772,0.2392578,0.9577637,-0.1860352,-0.2671756,-0.4580153,0.335877928.6
8202,0.229248,0.9555664,-0.1835938,-0.6870229,-0.2213741,0.305343528.55294
7828,0.2294922,0.953125,-0.1833496,-0.8778625,-0.3053435,0.442748128.55294
7821,0.2404785,0.9589844,-0.1774902,-0.4198473,-0.7328244,0.198473328.45882
7821,0.2453613,0.953125,-0.177002,-0.7328244,-0.5801527,0.0916030528.6
7769,0.2458496,0.9504395,-0.1811523,-0.9923664,-0.740458,-0.213740428.50588
7811,0.2487793,0.9609375,-0.1738281,-0.6793893,-0.7709923,-0.122137428.55294
7791,0.2355957,0.9545898,-0.1835938,-1.0,-0.7251908,-0.0381679428.41176
7812,0.2434082,0.9504395,-0.1789551,-0.5343512,-0.6946565,-0.290076428.50588
7802,0.2492676,0.9477539,-0.1867676,-0.07633588,-1.0,-0.702290128.45882
7847,0.2458496,0.9533691,-0.1860352,-0.3206107,-0.5725191,-0.847328328.41176
7775,0.2419434,0.953125,-0.1865234,-0.6335878,-0.6564885,-0.717557228.55294
7785,0.234375,0.9543457,-0.1950684,-0.6030535,-0.5801527,-0.381679428.50588
7794,0.2338867,0.9599609,-0.189209,-0.09923664,-1.114504,0.0992366428.45882
7794,0.2250977,0.9533691,-0.1870117,-0.1679389,-0.3664122,0.35114528.41176
8147,0.2312012,0.954834,-0.197998,-0.778626,-0.2213741,0.61068728.45882
7837,0.2331543,0.9572754,-0.1901855,-1.099237,-0.3969466,0.465648828.55294
7760,0.2412109,0.9523926,-0.1867676,-1.259542,-0.2977099,0.25954228.45882
7828,0.2336426,0.9550781,-0.1848145,-1.083969,-0.3664122,-0.00763358828.50588
7766,0.2399902,0.956543,-0.1877441,-1.083969,-0.2366412,-0.0458015328.45882
7798,0.2382813,0.9536133,-0.1796875,-0.2137404,-0.3206107,0.122137428.55294
16253,0.2314453,0.9580078,-0.1862793,-0.3206107,-0.3816794,-0.145038228.36471
7816,0.2368164,0.9611816,-0.1889648,-0.7022901,-0.2213741,0.175572528.50588
7774,0.1455078,0.5581055,-0.2746582,107.0305,250.1298,-32.0534428.41176
7803,1.206543,0.7131348,-0.5021973,80.56489,33.9084,-51.2595428.50588
7833,0.404541,1.226563,0.05639648,-12.83206,-50.56488,-0.702290128.36471
7789,-0.434082,1.168457,-0.8022461,-24.36641,108.1069,35.7022928.50588
7813,-0.4248047,0.9353027,-0.2348633,-21.54198,44.84733,11.9160328.55294
7792,-0.06323242,0.9155273,-0.2111816,-26.89313,44.0,50.9160328.55294
8171,0.07958984,0.9240723,0.3398438,-24.15267,4.526718,0.786259628.50588
7834,0.2800293,0.9956055,0.1223145,-2.740458,-0.1450382,15.6946628.55294
7758,0.2729492,0.9572754,0.02026367,4.847328,-1.053435,2.68702328.6
7732,0.2583008,1.082275,-0.1430664,6.152672,0.4427481,20.3587828.41176
7759,0.2998047,0.9885254,-0.135498,11.74809,-1.129771,20.0076328.50588
7790,0.3012695,0.9592285,-0.171875,7.305344,0.9923664,17.4809228.55294
7786,0.3598633,0.9287109,-0.2268066,6.908397,-2.610687,7.64885528.55294
7778,0.3457031,0.9284668,-0.255127,2.954198,-0.6946565,-4.75572528.55294
7806,0.3166504,0.9455566,-0.213623,-1.70229,-5.442748,-12.5343528.45882
7788,0.2407227,0.9528809,-0.1972656,-3.671756,-4.122138,-17.4122128.41176
7815,0.1711426,0.9667969,-0.1796875,-3.099237,-2.984733,-16.3053428.45882
7791,0.1662598,0.9753418,-0.1513672,-0.9923664,-3.549618,-12.885528.50588
7781,0.1682129,0.9663086,-0.1706543,-0.1221374,-5.526718,-10.6793928.45882
7788,0.1665039,0.9645996,-0.1894531,0.1832061,-2.603053,-7.09923628.45882
8183,0.1875,0.9489746,-0.170166,-0.2900764,-3.0,1.32061128.6
7841,0.1877441,0.9682617,-0.1843262,0.5572519,0.6412213,0.748091628.55294
7781,0.1977539,0.9711914,-0.1806641,-0.6564885,-0.03816794,1.87022928.50588
7714,0.2036133,0.9536133,-0.1943359,-0.1908397,3.015267,0.717557228.55294
7773,0.2141113,0.9638672,-0.1870117,-0.08396947,2.671756,0.0305343528.55294
7765,0.2099609,0.9758301,-0.1835938,-0.7328244,1.70229,-0.305343528.50588
7795,0.1987305,0.9675293,-0.1669922,-0.6870229,0.6946565,-0.0839694728.45882
7782,0.2006836,0.9589844,-0.1774902,0.3358779,0.3435115,-0.0534351128.55294
7775,0.4343262,1.28833,0.4123535,90.12214,250.1298,-14.6106928.45882
7808,0.6137695,0.7119141,-0.3261719,73.24428,250.1298,-58.1984728.6
7800,1.374023,1.475098,-0.8703613,33.14504,32.60305,-69.1526728.41176
7801,0.3562012,0.7507324,-1.183838,-17.77863,23.14504,-54.4427528.41176
7803,-0.08618164,1.052979,-0.5773926,-9.526717,113.9008,0.0229007628.45882
7761,0.09106445,0.8964844,0.09326172,-34.70229,78.41222,-59.4045828.41176
8201,-0.1633301,0.9318848,0.1716309,-27.63359,2.374046,-36.6717628.45882
7838,-0.3342285,0.9482422,0.1472168,-11.77863,-2.870229,6.33587828.41176
7753,-0.2531738,1.023682,0.1560059,5.671756,4.412214,40.4961828.45882
7745,0.05615234,1.287598,0.06616211,23.29771,3.374046,51.6335928.36471
7763,0.2226563,0.9023438,-0.1484375,16.64886,-9.229008,53.9007628.50588
7742,0.5754395,1.046143,-0.1696777,24.83969,-1.274809,22.1068728.45882
7802,0.2512207,0.9125977,-0.3427734,12.70229,-1.496183,19.4580228.41176
7765,0.244873,0.9511719,-0.3591309,6.717557,0.3969466,18.2900828.36471
7795,0.2749023,0.9575195,-0.2800293,-3.175573,2.29771,14.6106928.41176
7774,0.3359375,0.927002,-0.2404785,-9.465649,0.03816794,8.2137428.45882
7791,0.3508301,0.9443359,-0.1652832,-9.152672,-1.832061,-3.97709928.50588
7807,0.3701172,0.9536133,-0.1276855,-6.648855,-4.068702,-8.49618328.45882
7813,0.3498535,0.9367676,-0.09960938,-3.687023,-4.908397,-16.8702328.41176
7806,0.2888184,0.9555664,-0.1245117,-1.282443,-7.061069,-18.4656528.45882
8149,0.2104492,0.9560547,-0.1862793,1.412214,-4.717557,-17.9389328.55294
7873,0.1425781,0.9628906,-0.2233887,-0.9160305,-3.748092,-14.6030528.45882
7821,0.1113281,0.9665527,-0.2380371,-3.732824,-0.9694656,-9.83969528.45882
7790,0.1325684,0.9631348,-0.1967773,-6.251908,-0.3587786,-6.00763428.6
7783,0.1621094,0.9626465,-0.1401367,-6.824428,-0.7709923,-4.39694628.45882
7814,0.1638184,0.9802246,-0.1149902,-2.259542,-2.206107,-3.4885528.41176
7791,0.1308594,0.9741211,-0.1179199,-0.03816794,-1.312977,0.0229007628.55294
7748,0.1113281,0.9675293,-0.1550293,3.167939,-0.3358779,4.028.50588
7764,0.1520996,0.9729004,-0.1699219,2.625954,0.4732824,5.98473328.50588
7775,0.1860352,0.9602051,-0.171875,3.328244,0.1832061,5.5114528.45882
7733,0.2111816,0.963623,-0.1835938,1.946565,0.8625955,4.79389328.45882
7794,0.2041016,0.9597168,-0.1877441,1.793893,-0.4274809,3.74809228.50588
7771,0.21875,0.9555664,-0.1906738,0.1068702,-0.3816794,2.69465628.45882
7740,0.223877,0.9606934,-0.1760254,-0.3358779,-0.4503817,1.64122128.41176
8166,0.2263184,0.9609375,-0.1669922,-0.7175572,-0.480916,-0.0381679428.55294
7809,0.21875,0.9553223,-0.1850586,-1.480916,0.2061069,-1.47328228.55294
7826,0.2067871,0.96875,-0.1726074,-1.007634,-0.4656488,-2.13740528.50588
7803,0.190918,0.9638672,-0.1743164,-1.603053,-0.6564885,-1.56488628.45882
7792,0.1804199,0.965332,-0.171875,-1.236641,-0.259542,-0.458015328.55294
7827,0.1762695,0.9650879,-0.1694336,-1.305344,-0.2366412,0.0687022928.6
7796,0.1848145,0.9641113,-0.1787109,-0.389313,-0.09160305,0.664122228.55294
7802,0.1809082,0.9689941,-0.1706543,-0.4122138,0.05343511,1.00763428.50588
7789,0.1950684,0.9584961,-0.1679688,-0.8625955,-0.2900764,1.09923728.45882
7792,0.2041016,0.9699707,-0.1774902,-1.183206,-0.4122138,0.694656528.50588
7795,0.2016602,0.9597168,-0.1804199,-0.1374046,-0.1068702,0.656488528.55294
7798,0.1352539,0.9934082,-0.3288574,99.74046,250.1298,80.977128.41176
7758,0.8864746,0.5742188,-0.1408691,63.25954,124.1756,-123.389328.50588
7754,0.1479492,1.145508,-0.4331055,29.79389,40.75573,3.37404628.45882
8135,0.1416016,0.9438477,0.07470703,-27.07634,29.63359,13.6183228.45882
7841,0.1804199,1.078857,0.251709,-14.87023,-10.79389,1.98473328.45882
7783,0.06738281,0.9645996,0.0690918,1.099237,1.969466,3.28244328.41176
7771,0.1882324,0.9841309,-0.02441406,15.67176,-1.954198,5.67938928.55294
7794,0.1938477,0.9829102,-0.05004883,18.25954,-3.526718,6.5114528.45882
7798,0.1542969,0.958252,-0.1616211,21.08397,-1.541985,10.2137428.41176
7769,0.1506348,0.9536133,-0.2480469,19.35878,2.396947,5.43511428.41176
7799,0.2053223,0.9516602,-0.3205566,10.96183,1.900763,3.81679428.41176
7847,0.2792969,0.9216309,-0.3364258,-0.4198473,-0.4274809,-0.969465628.45882
7822,0.3093262,0.942627,-0.267334,-7.221374,-0.2366412,2.8091628.45882
7781,0.2980957,0.9489746,-0.1530762,-8.870229,0.6870229,1.24427528.45882
7762,0.2995605,0.9494629,-0.1350098,-4.335878,0.4961832,-3.39694728.50588
7793,0.3195801,0.90625,-0.1425781,-2.633588,0.3358779,-5.83969428.41176
7838,0.2851563,0.9484863,-0.1542969,-2.030534,-2.916031,-10.7633628.45882
8173,0.2224121,0.9692383,-0.1533203,-1.740458,-3.030534,-11.4656528.41176
7850,0.1728516,0.9726563,-0.1723633,-1.946565,-2.40458,-8.45801528.45882
7772,0.1345215,0.9694824,-0.1835938,-2.335878,-1.083969,-4.16793928.45882
7775,0.1418457,0.9663086,-0.1723633,-3.022901,0.03816794,-0.702290128.50588
7778,0.1647949,0.9707031,-0.1472168,-2.389313,0.2366412,1.41984728.55294
7809,0.1950684,0.9797363,-0.1237793,0.2061069,-0.7480916,2.62595428.50588
7774,0.208252,0.9631348,-0.1157227,1.427481,-0.5801527,1.93129828.55294
7803,0.2175293,0.9655762,-0.1469727,4.290076,-0.9236641,1.80152728.50588
7764,0.2114258,0.9528809,-0.1765137,3.083969,0.5648855,1.38931328.55294
7778,0.2224121,0.9624023,-0.1984863,3.473282,-0.4885496,1.39694728.50588
7794,0.2180176,0.9606934,-0.2141113,0.2061069,-0.351145,1.15267228.55294
7769,0.2250977,0.9587402,-0.1887207,-1.10687,0.08396947,0.96183228.45882
7744,0.2226563,0.9577637,-0.1811523,-0.7862596,0.0610687,-0.12977128.50588
7814,0.2202148,0.9702148,-0.1604004,-0.1526718,0.05343511,-0.725190828.36471
8157,0.2248535,0.956543,-0.1538086,-0.1145038,-0.1145038,-1.27480928.45882
7853,0.1994629,0.9599609,-0.1711426,-0.2824428,-0.5038168,-0.801526728.45882
7785,0.1960449,0.9621582,-0.1694336,-0.09923664,-0.1221374,0.221374128.45882
7771,0.1977539,0.9587402,-0.1782227,-0.5572519,-0.3969466,1.13740528.41176
7792,0.2099609,0.9633789,-0.1738281,-0.2748091,-0.129771,1.5114528.45882
7809,0.2194824,0.9597168,-0.168457,-1.664122,-0.04580153,0.816793928.45882
7777,0.2246094,0.9616699,-0.1679688,-1.244275,-0.4503817,0.274809128.45882
7785,0.2263184,0.9536133,-0.1696777,-0.9389313,-0.0610687,-0.572519128.45882
7768,0.222168,0.9665527,-0.1721191,-1.221374,-0.4045802,-0.679389328.41176
7801,0.2145996,0.9624023,-0.1682129,-1.465649,-0.3358779,-0.786259628.45882
7803,0.2077637,0.9619141,-0.1704102,-1.152672,-0.7099237,-0.526717628.45882
7789,0.1994629,0.9604492,-0.1750488,-1.022901,-0.3435115,-0.114503828.50588
7795,0.2053223,0.9665527,-0.1550293,-1.19084,-0.5954198,0.229007628.50588
8180,0.2114258,0.9584961,-0.1665039,-0.8091603,-0.2290076,0.48091628.55294
7858,0.2145996,0.9580078,-0.1618652,-0.4961832,-0.4961832,0.229007628.41176
7805,0.213623,0.9592285,-0.1652832,-0.1603053,-0.6870229,-0.167938928.45882
7804,0.2145996,0.9628906,-0.1748047,-0.7633588,-0.740458,-0.48091628.50588
7799,0.1359863,0.9301758,-0.2375488,26.9771,250.1298,21.3740528.55294
7762,1.094971,0.6584473,0.3081055,36.0687,128.2519,-31.6870228.50588
7788,0.1054688,0.8544922,-0.4938965,-7.763359,63.30534,-9.64885528.45882
7811,-0.1123047,1.155762,-0.2646484,11.12977,73.9771,52.0305328.41176
7784,-0.1269531,0.972168,-0.2519531,14.35878,81.87786,41.0152728.45882
7767,0.1010742,0.7709961,-0.02758789,-6.496183,66.70229,19.045828.41176
7752,0.3007813,0.9362793,-0.09545898,-6.534351,10.45802,13.6183228.55294
7783,0.276123,0.9255371,-0.1118164,-6.412214,1.549618,4.88549628.6
7802,0.3168945,0.9489746,-0.0859375,-3.137405,4.526718,-3.57251928.50588
7773,0.2666016,0.9648438,-0.05419922,-5.473282,-2.343511,-5.69465628.45882
7755,0.2053223,0.9729004,-0.05737305,4.480916,-1.687023,-1.84732828.50588
8195,0.2192383,0.9445801,-0.2355957,-3.167939,0.7099237,2.4885528.45882
7846,0.2333984,0.9606934,-0.1936035,-5.030534,1.061069,1.07633628.50588
7788,0.2702637,0.9450684,-0.1655273,-7.610687,0.9694656,-3.57251928.55294
7818,0.2854004,0.9523926,-0.1486816,-7.541985,-0.3053435,-4.31297728.50588
7805,0.260498,0.9594727,-0.1230469,-4.282443,-0.3435115,-5.73282428.55294
7800,0.2185059,0.951416,-0.1203613,-2.572519,-0.6335878,-6.37404628.41176
7793,0.197998,0.9660645,-0.1308594,-1.198473,-1.664122,-6.48091628.45882
7766,0.1928711,0.96875,-0.1455078,0.5038168,-1.198473,-4.95419828.41176
7812,0.1972656,0.96875,-0.1660156,0.08396947,-1.19084,-2.55725228.45882
7807,0.215332,0.9589844,-0.175293,0.4198473,-0.9083969,-3.4885528.45882
7827,0.2297363,0.9611816,-0.1687012,-2.916031,-1.076336,-2.96946628.41176
7795,0.2421875,0.958252,-0.166748,-0.2671756,-1.251908,-2.1908428.45882
7793,0.2399902,0.9665527,-0.1552734,-0.1068702,-0.740458,-1.82442828.41176
8178,0.2145996,0.9597168,-0.166748,-0.8091603,-0.8931297,-1.72519128.45882
7851,0.2111816,0.9587402,-0.1608887,-0.4045802,-0.03053435,-0.900763328.50588
7782,0.2058105,0.9677734,-0.1567383,-0.8549618,-1.022901,0.12977128.45882
7866,0.2167969,0.9609375,-0.1538086,-0.1068702,-0.4656488,0.664122228.41176
7746,0.2231445,0.9462891,-0.1550293,0.0,0.3740458,0.717557228.36471
7759,0.234375,0.953125,-0.151123,0.3587786,0.06870229,0.374045828.45882
7782,0.2324219,0.9611816,-0.1513672,1.763359,-0.6259542,0.0152671828.41176
7794,0.2229004,0.9641113,-0.161377,-0.6870229,-0.610687,-0.541984728.45882
7817,0.2192383,0.9587402,-0.1733398,-0.7099237,-0.4427481,-0.0381679428.50588
7810,0.2233887,0.9606934,-0.1652832,-1.938931,-0.5572519,-0.25954228.45882
7778,0.2185059,0.9575195,-0.166748,-1.21374,-0.2290076,0.244274828.45882
7817,0.2150879,0.9624023,-0.1601563,-1.916031,-0.3129771,0.00763358828.50588
7781,0.2250977,0.9624023,-0.1516113,-0.5801527,-0.5267176,0.251908428.45882
7789,0.2265625,0.9560547,-0.1582031,-0.5572519,0.03053435,-0.511450428.36471
8194,0.2207031,0.9521484,-0.171875,-1.954198,-0.4885496,-0.25954228.45882
7831,0.2231445,0.9609375,-0.171875,-1.160305,-0.2671756,-0.0763358828.55294
7822,0.2207031,0.965332,-0.1481934,-0.7862596,-0.03053435,0.0687022928.50588
7821,0.215332,0.9660645,-0.1530762,-1.244275,0.01526718,-0.0687022928.45882
7795,0.2138672,0.9584961,-0.159668,-0.6717557,-0.2900764,0.0381679428.50588
7789,0.2175293,0.9609375,-0.1520996,-0.2137404,-0.3664122,-0.0916030528.41176
7792,0.2294922,0.9626465,-0.1584473,-0.6717557,-0.4580153,-0.297709928.55294
7827,0.2277832,0.9516602,-0.1611328,-0.03053435,-0.4274809,0.160305328.50588
7808,0.2243652,0.9572754,-0.1647949,-0.3282443,-0.4274809,0.028.55294
7842,0.2167969,0.963623,-0.1645508,-0.9465649,-0.519084,-0.106870228.50588
7796,0.2182617,0.9628906,-0.157959,-0.740458,-0.4198473,0.0458015328.45882
7809,0.2258301,0.9567871,-0.140625,-0.8473283,-0.8778625,0.0305343528.45882
7804,0.2148438,0.9538574,-0.1567383,-0.480916,-0.4961832,-0.358778628.41176
7760,0.223877,0.9624023,-0.1679688,-0.3435115,-0.5572519,-0.0992366428.55294
8054,0.3266602,0.9055176,-0.2355957,96.45038,250.1298,-22.3129828.45882
7812,1.358154,0.7229004,-0.3093262,18.58779,60.91603,-54.7480928.36471
7800,-0.07885742,0.9968262,-0.7521973,31.19847,79.49619,-36.0152728.41176
7796,-0.1437988,1.135498,-0.1635742,-8.351145,90.59542,-12.3129828.41176
7799,-0.1367188,0.918457,-0.2817383,-3.061069,76.01527,10.1603128.45882
7760,0.1123047,1.037354,-0.1665039,-6.885496,30.93893,5.45801528.50588
7763,0.01318359,1.040283,-0.1271973,-10.30534,20.0687,22.2061128.41176
7785,0.2451172,0.9746094,-0.1071777,-14.01527,-2.664122,12.3893128.41176
7769,0.1906738,0.9660645,-0.06933594,-6.076336,0.8396947,13.5648928.45882
7761,0.2773438,0.9572754,-0.04882813,-3.664122,1.877863,8.18320728.41176
7780,0.282959,0.9462891,-0.06298828,-0.7328244,0.05343511,2.7022928.45882
7808,0.265625,0.9616699,-0.05981445,6.412214,-0.4732824,-0.160305328.50588
7775,0.2443848,0.9575195,-0.1311035,8.076336,-0.8167939,-2.92366428.45882
7782,0.2414551,0.9716797,-0.1655273,8.015267,-2.633588,-3.72519128.41176
8140,0.1650391,0.9575195,-0.182373,-3.961832,0.2977099,0.473282428.45882
7772,0.1867676,0.9663086,-0.1560059,-6.366412,1.183206,1.03053428.41176
7834,0.2197266,0.9521484,-0.1328125,-7.229008,-0.8091603,0.0229007628.41176
7809,0.2077637,0.9677734,-0.1030273,-5.206107,-0.1832061,-1.1068728.45882
7789,0.1984863,0.9614258,-0.1027832,-2.053435,-0.7633588,-1.45801528.31765
7782,0.1940918,0.9606934,-0.1279297,0.4045802,-0.7862596,-1.35114528.50588
7782,0.1945801,0.9682617,-0.1352539,1.312977,-0.5267176,-0.664122228.55294
7831,0.1882324,0.9631348,-0.1447754,1.519084,-0.8091603,-0.305343528.36471
7802,0.1982422,0.9655762,-0.1520996,1.610687,-0.961832,-0.190839728.45882
7741,0.1906738,0.9638672,-0.1738281,0.7709923,0.2442748,0.0916030528.41176
7785,0.2045898,0.9645996,-0.1643066,0.1603053,-0.5114504,-0.198473328.36471
7782,0.1938477,0.9611816,-0.1672363,-1.59542,0.5267176,-0.335877928.50588
7791,0.2070313,0.9575195,-0.1557617,-0.9007633,-0.6335878,-0.297709928.45882
8150,0.1970215,0.9660645,-0.1420898,-0.4351145,-0.4732824,-0.801526728.41176
7813,0.190918,0.9521484,-0.1474609,-0.09923664,-0.1526718,-0.633587828.50588
7779,0.1958008,0.9641113,-0.152832,1.244275,-1.206107,-0.0305343528.41176
7768,0.1936035,0.9631348,-0.1450195,0.3740458,-0.3282443,0.687022928.41176
7801,0.2021484,0.9584961,-0.1442871,0.6793893,-0.1526718,0.450381728.55294
7780,0.2070313,0.9594727,-0.1694336,0.08396947,0.1450382,-0.35114528.41176
7794,0.1931152,0.9628906,-0.1608887,-0.1374046,-0.7251908,-0.251908428.45882
7787,0.1960449,0.9665527,-0.1623535,-1.038168,-0.3587786,0.0458015328.41176
7788,0.1967773,0.96875,-0.1477051,-1.465649,-0.3664122,0.236641228.55294
7796,0.197998,0.9643555,-0.1452637,-1.114504,-0.5877862,0.213740428.41176
7772,0.1975098,0.9699707,-0.1486816,-0.7633588,-0.8854962,0.0839694728.36471
7776,0.2016602,0.967041,-0.1516113,-0.6793893,0.0,0.190839728.45882
7791,0.2011719,0.9631348,-0.1506348,-0.7709923,-0.5725191,0.236641228.50588
7798,0.1960449,0.9643555,-0.1481934,-0.9389313,-0.4045802,-0.0381679428.50588
8219,0.2011719,0.9641113,-0.1469727,-0.9923664,-0.5572519,-0.251908428.50588
7815,0.3596191,0.8962402,-0.06738281,101.1069,250.1298,-16.1603128.45882
7798,1.30542,0.9309082,-0.07788086,40.20611,142.2901,-55.4503828.45882
7793,0.3100586,0.8613281,-0.4887695,51.0458,60.9542,-74.3435128.41176
7793,-0.166748,0.8049316,-0.3039551,2.083969,70.50381,-45.0076328.36471
7789,-0.1362305,0.9943848,-0.3398438,7.847328,86.63359,-16.3282528.41176
7772,0.0559082,1.115479,-0.04614258,0.2671756,40.70229,-14.8778628.45882
7773,-0.105957,0.9216309,-0.2116699,-12.73282,21.65649,10.9694728.50588
7772,0.03149414,0.9528809,-0.1794434,-12.90076,3.931298,24.5877928.45882
7841,0.1384277,0.9343262,-0.1330566,-8.038168,4.206107,32.9236628.45882
7798,0.2941895,0.9472656,-0.08959961,-6.557252,-2.984733,16.2595428.41176
7745,0.2924805,0.9672852,-0.06616211,-6.900764,1.251908,10.908428.45882
7752,0.3278809,0.9436035,-0.04492188,-1.70229,-0.3282443,3.19847328.41176
7814,0.3173828,0.940918,-0.1025391,3.541985,-1.679389,-3.12977128.36471
8137,0.2475586,0.949707,-0.1357422,6.59542,0.2442748,-7.42748128.41176
7820,0.229248,0.9672852,-0.1608887,4.80916,-1.732824,-7.62595428.50588
7826,0.1745605,0.963623,-0.1816406,3.267176,-0.519084,-6.62595428.41176
7804,0.1604004,0.972168,-0.1889648,-0.2366412,-0.1679389,-4.65648828.36471
7784,0.1484375,0.9770508,-0.1796875,-1.732824,-0.02290076,-1.90839728.45882
7768,0.1530762,0.9709473,-0.1691895,-2.839695,-0.4656488,0.618320628.50588
7748,0.1730957,0.9626465,-0.1530762,-4.396946,0.6412213,2.36641228.45882
7783,0.2026367,0.9604492,-0.1318359,-3.312977,0.1984733,2.04580228.45882
7779,0.2102051,0.9631348,-0.1176758,-1.832061,-0.02290076,1.35114528.41176
7776,0.2275391,0.9606934,-0.1218262,-0.6641222,-0.5343512,0.221374128.36471
7808,0.2163086,0.9580078,-0.1181641,0.1832061,-0.6870229,-0.709923728.45882
7790,0.2099609,0.9645996,-0.1345215,0.6412213,-0.7709923,-1.20610728.41176
7785,0.2021484,0.9667969,-0.1479492,0.9083969,-0.6946565,-1.28244328.45882
7799,0.1984863,0.9631348,-0.1518555,0.1374046,-0.480916,-0.893129728.45882
8234,0.1970215,0.9606934,-0.138916,-2.251908,0.1603053,-0.0152671828.45882
7850,0.2167969,0.9611816,-0.1486816,-0.9770992,-1.442748,-0.770992328.31765
7804,0.2033691,0.972168,-0.1237793,-1.366412,-0.3816794,-0.618320628.50588
7792,0.1904297,0.9650879,-0.1328125,0.1984733,-0.5725191,-0.496183228.6
7795,0.1931152,0.9628906,-0.1513672,-0.06870229,-0.4503817,0.0916030528.45882
7802,0.190918,0.9692383,-0.1433105,0.5877862,-0.740458,0.404580228.45882
7807,0.1955566,0.9648438,-0.1447754,-2.21374,-0.2442748,0.343511528.45882
7813,0.201416,0.9594727,-0.1503906,-1.473282,-0.5343512,-0.145038228.41176
7774,0.1982422,0.9587402,-0.1520996,-1.206107,-0.3664122,-0.236641228.45882
7775,0.1923828,0.963623,-0.1323242,-0.6564885,-0.2137404,-0.0534351128.45882
7785,0.1933594,0.9638672,-0.1445313,-0.6870229,-0.3358779,0.061068728.41176
7791,0.2021484,0.9672852,-0.1342773,0.03816794,-0.832061,-0.061068728.45882
7802,0.1987305,0.9660645,-0.1513672,-0.5343512,-0.3358779,0.0839694728.41176
8185,0.1967773,0.967041,-0.145752,-0.1908397,-0.6564885,0.0152671828.41176
7856,0.2021484,0.9628906,-0.1474609,-0.3053435,-0.2748091,0.00763358828.36471
7842,0.1982422,0.9645996,-0.1447754,-0.5648855,-0.1832061,-0.213740428.41176
7799,0.1970215,0.970459,-0.144043,-0.4732824,-0.4885496,-0.12977128.45882
7744,0.1928711,0.9621582,-0.1459961,-0.9541985,-0.6793893,0.0839694728.45882
7792,0.2009277,0.963623,-0.1491699,-0.8625955,-0.2748091,-0.0152671828.45882
7783,0.1975098,0.9616699,-0.1364746,-0.8015267,-0.6870229,-0.0992366428.50588
7816,0.1972656,0.9572754,-0.1374512,-0.5496183,-0.5419847,-0.412213828.55294
7804,0.2077637,0.9624023,-0.144043,-0.8244275,-0.648855,-0.183206128.41176
7826,0.2004395,0.963623,-0.151123,-0.7099237,-0.5114504,-0.0916030528.45882
7802,0.1960449,0.9626465,-0.145752,-0.9236641,-0.3587786,-0.0534351128.41176
7783,0.2023926,0.9641113,-0.1384277,-0.8625955,-0.351145,-0.175572528.36471
7755,0.05908203,0.9150391,-0.1699219,78.73283,250.1298,-3.41221428.45882
7760,0.4821777,0.9804688,0.1838379,115.4275,250.1298,-42.0610728.41176
8117,0.3696289,1.259277,-0.01708984,42.35878,20.53435,-76.9007628.41176
7815,-0.09057617,0.4807129,-1.006104,-4.91603,60.17557,-48.3664128.50588
7832,-0.1345215,0.9938965,-0.5541992,12.48855,73.87023,-28.9236628.45882
7801,-0.1357422,1.12207,-0.09619141,-0.519084,100.5573,-5.58015328.41176
7750,0.1489258,1.025879,-0.03857422,-6.412214,10.75572,2.44274828.45882
7801,-0.01464844,0.9453125,-0.1420898,-5.969466,-9.122137,12.4122128.50588
7759,-0.02441406,0.9589844,-0.2548828,-8.122137,1.717557,20.7633628.55294
7803,0.1125488,0.9887695,-0.1606445,-5.274809,3.282443,29.2442728.36471
7749,0.2753906,0.9667969,-0.1835938,-9.854961,3.519084,23.0534328.36471
7757,0.3164063,0.9328613,-0.1821289,-12.36641,1.519084,17.7709928.41176
7755,0.3378906,0.9436035,-0.1325684,-13.73282,-0.5572519,12.0305328.55294
7776,0.342041,0.9602051,-0.03930664,-10.57252,-1.908397,2.1068728.45882
7776,0.2875977,0.947998,-0.02709961,-5.114504,0.129771,-2.92366428.45882
7767,0.267334,0.9584961,-0.04345703,1.900763,-1.442748,-6.04580228.45882
8206,0.199707,0.96875,-0.09326172,6.961832,-0.4198473,-4.99236628.50588
7830,0.2009277,0.972168,-0.1135254,7.954198,0.6717557,-4.37404628.45882
7762,0.2055664,0.9694824,-0.1499023,9.610687,-0.2671756,-3.98473328.50588
7787,0.1877441,0.956543,-0.1791992,7.709924,0.1450382,-3.66412228.45882
7782,0.1914063,0.9624023,-0.2001953,4.885496,-0.4961832,-3.43511528.50588
7783,0.1928711,0.9680176,-0.2160645,0.5572519,-0.01526718,-2.76335928.55294
7791,0.1784668,0.9628906,-0.1779785,-1.557252,0.07633588,-1.93893128.50588
7779,0.1901855,0.9675293,-0.1574707,-2.229008,0.01526718,-0.633587828.50588
7800,0.1853027,0.9650879,-0.135498,-2.687023,-0.1526718,0.496183228.45882
7769,0.1828613,0.96875,-0.138916,-2.29771,0.4580153,1.27480928.50588
7813,0.2114258,0.9628906,-0.1252441,-2.541985,-0.3129771,1.09923728.55294
7788,0.2109375,0.9650879,-0.1245117,-1.961832,-0.8854962,0.435114528.41176
7784,0.208252,0.9655762,-0.1333008,-1.70229,-0.4656488,0.0229007628.50588
7793,0.2124023,0.9650879,-0.1447754,-1.129771,-0.7480916,-0.473282428.45882
8166,0.1977539,0.9589844,-0.1472168,-2.198473,-0.1755725,0.534351228.41176
7871,0.2041016,0.9626465,-0.1391602,-1.152672,-0.1603053,0.0763358828.45882
7812,0.2080078,0.9650879,-0.1296387,-0.5572519,-0.1984733,-0.335877928.50588
7768,0.2106934,0.9677734,-0.1342773,-0.1755725,-0.6030535,-0.374045828.41176
7783,0.2053223,0.9665527,-0.1342773,0.4961832,-0.5801527,-0.549618328.45882
7806,0.1965332,0.9650879,-0.1342773,0.3969466,-0.7709923,-0.328244328.41176
7799,0.2021484,0.9621582,-0.1484375,0.09160305,-0.3816794,-0.38931328.55294
7811,0.2072754,0.963623,-0.142334,-0.1755725,-0.4274809,-0.335877928.41176
7829,0.1965332,0.9619141,-0.1469727,-0.6030535,-0.259542,-0.297709928.55294
7784,0.1994629,0.9692383,-0.1376953,-0.4274809,-0.2137404,-0.25954228.45882
7808,0.1960449,0.9614258,-0.135498,-0.389313,-0.2213741,-0.0916030528.50588
7841,0.2058105,0.9570313,-0.1418457,-0.3358779,-0.2137404,0.274809128.45882
7807,0.2041016,0.9641113,-0.159668,-0.5343512,-0.3664122,-0.0381679428.41176
8165,0.2067871,0.9616699,-0.1477051,-1.061069,-0.6564885,-0.0839694728.45882
7825,0.2080078,0.9594727,-0.1518555,-0.6793893,-0.2519084,0.061068728.50588
7822,0.2033691,0.96875,-0.1394043,-0.5801527,-0.6564885,0.00763358828.50588
7824,0.2036133,0.9675293,-0.1462402,-0.5954198,-0.2900764,-0.0381679428.45882
7789,0.197998,0.9560547,-0.1413574,-0.5419847,-0.480916,-0.0916030528.41176
7747,0.2041016,0.9604492,-0.1315918,-0.351145,-0.6946565,-0.152671828.55294
7781,0.2045898,0.9609375,-0.1357422,-0.351145,-0.6335878,-0.0839694728.41176
7799,0.2001953,0.9641113,-0.1450195,-0.4427481,-0.5648855,-0.198473328.41176
7845,0.2067871,0.9580078,-0.1513672,-0.7938931,-0.5572519,-0.251908428.45882
7810,0.2050781,0.965332,-0.1496582,-0.740458,-0.4198473,-0.366412228.41176
7796,0.1967773,0.9619141,-0.1469727,-0.9312977,-0.7175572,-0.160305328.55294
7831,0.1933594,0.9624023,-0.1398926,-0.9236641,-0.3282443,0.114503828.50588
7781,0.1975098,0.9619141,-0.1433105,-1.10687,-0.2519084,-0.0229007628.45882
8155,0.2041016,0.9641113,-0.1462402,-0.9923664,-0.4656488,0.114503828.50588
7788,1.259766,0.9128418,-0.05126953,64.73283,250.1298,-31.3129828.36471
7774,1.5625,0.8864746,-0.154541,73.0229,74.24428,-62.8473328.45882
7795,0.2800293,0.7783203,-0.7451172,33.22901,33.38168,-81.6717528.41176
7804,-0.1572266,1.233887,-0.3447266,-0.961832,69.86259,-55.5496228.45882
7834,-0.2333984,0.8571777,-0.434082,-10.1374,90.08397,-13.6870228.55294
7785,-0.06005859,0.9616699,-0.1459961,-9.961832,27.86259,29.2900828.36471
7788,0.1086426,1.060059,-0.1535645,-0.007633588,20.66412,5.58778628.45882
7794,0.0793457,1.052734,-0.04199219,-9.076336,-1.328244,15.4732828.41176
7765,0.0690918,0.9428711,-0.1896973,-6.473282,2.580153,23.028.36471
7757,0.159668,0.9765625,-0.1569824,-3.717557,3.839695,25.091628.45882
7793,0.3044434,0.9638672,-0.1635742,-5.312977,-0.3740458,21.1832128.36471
7794,0.3227539,0.9550781,-0.159668,-9.427481,0.9160305,16.0076328.45882
7808,0.3344727,0.9431152,-0.07543945,-11.17557,-0.4427481,8.95419928.41176
7793,0.3200684,0.9667969,-0.01000977,-2.442748,-1.40458,0.977099228.36471
8172,0.2695313,0.9616699,-0.04833984,3.801527,-0.9236641,-4.27480928.55294
7852,0.2290039,0.9511719,-0.1147461,3.862595,-0.8244275,-4.57251928.45882
7796,0.2104492,0.9619141,-0.1237793,6.519084,-0.3129771,-5.04580228.36471
7767,0.2033691,0.9667969,-0.1411133,7.580153,0.1450382,-4.97709928.45882
7746,0.2033691,0.9567871,-0.1611328,7.717557,0.08396947,-4.41221428.45882
7786,0.1821289,0.9604492,-0.1918945,5.51145,0.3358779,-2.96946628.50588
7783,0.197998,0.954834,-0.2028809,0.5801527,-0.8167939,-2.25954228.45882
7778,0.1928711,0.9580078,-0.1870117,-1.770992,-0.04580153,-1.77099228.41176
7809,0.1911621,0.9611816,-0.1640625,-2.366412,0.1603053,-0.96183228.45882
7776,0.1943359,0.972168,-0.1396484,-2.625954,-0.2442748,0.0305343528.36471
7785,0.1879883,0.965332,-0.1286621,-2.221374,0.007633588,1.01526728.41176
7769,0.2070313,0.9628906,-0.1252441,-2.343511,-0.5648855,1.36641228.45882
7810,0.2126465,0.965332,-0.1408691,-2.251908,-0.7022901,0.83206128.36471
7830,0.2119141,0.9663086,-0.1374512,-1.480916,-0.2748091,0.671755728.41176
8206,0.1958008,0.9597168,-0.1430664,-2.282443,-0.2748091,-0.343511528.41176
7820,0.2004395,0.9665527,-0.142334,-1.832061,-1.099237,0.0534351128.41176
7835,0.2075195,0.9633789,-0.1376953,-2.19084,-0.5572519,0.267175628.45882
7775,0.2148438,0.9648438,-0.1398926,-0.8473283,-0.5496183,0.152671828.45882
7832,0.217041,0.9602051,-0.1359863,-1.374046,-0.2977099,-0.427480928.50588
7811,0.206543,0.9672852,-0.135498,-0.648855,-0.3969466,-0.816793928.45882
7801,0.1989746,0.9663086,-0.138916,-0.4045802,-0.3969466,-0.786259628.45882
7776,0.2016602,0.9699707,-0.1362305,0.01526718,-0.5038168,-0.274809128.50588
7770,0.1931152,0.9614258,-0.1425781,0.3282443,-0.2442748,-0.00763358828.36471
7796,0.2058105,0.9602051,-0.1374512,0.1450382,-0.5725191,0.190839728.45882
7829,0.2092285,0.9628906,-0.144043,-0.3435115,-0.4961832,0.0229007628.45882
7794,0.2141113,0.9655762,-0.1330566,-0.4885496,-0.3587786,-0.167938928.41176
7796,0.2087402,0.9597168,-0.1364746,-0.3969466,-0.5648855,-0.534351228.45882
8191,0.2060547,0.9570313,-0.1435547,0.1374046,-0.3282443,-0.458015328.36471
7866,0.199707,0.9624023,-0.1328125,0.1450382,-0.3816794,-0.0305343528.36471
7796,0.2033691,0.9641113,-0.1359863,0.1908397,-0.3587786,-0.160305328.41176
7810,0.2043457,0.9614258,-0.154541,-0.04580153,-0.3664122,-0.12977128.55294
7793,0.2062988,0.9614258,-0.1520996,-0.6870229,-0.1374046,-0.213740428.50588
7801,0.2102051,0.9621582,-0.1430664,-0.7175572,-0.9465649,-0.183206128.36471
7823,0.2072754,0.9663086,-0.1403809,-0.6183206,-0.3816794,-0.0687022928.50588
7825,0.2080078,0.9587402,-0.1337891,-0.4503817,-0.519084,0.0458015328.45882
7783,0.2087402,0.9606934,-0.1437988,-0.6641222,-0.2748091,-0.12977128.41176
7838,0.2167969,0.9658203,-0.1416016,-0.8778625,-0.9770992,-0.305343528.41176
7827,0.2111816,0.9577637,-0.1486816,-0.9694656,-0.8091603,-0.541984728.45882
7819,0.2041016,0.9680176,-0.1384277,-0.5648855,-0.3816794,-0.404580228.45882
7798,0.2011719,0.9667969,-0.1433105,-0.7557252,-0.4503817,-0.412213828.41176
8091,0.5349121,1.090088,-0.204834,50.53435,250.1298,-56.3587828.45882
7820,0.6867676,1.133301,0.3430176,50.68702,73.15267,-78.5725228.36471
7839,-0.05322266,1.030762,-0.5078125,25.94657,58.23664,-71.1755828.41176
7793,-0.2495117,1.071289,-0.3852539,21.78626,98.75572,-42.5648828.45882
7822,-0.1943359,0.9794922,-0.2248535,-11.41985,57.08397,1.65648928.45882
7758,0.01513672,0.9833984,-0.2102051,2.671756,25.65649,-0.0916030528.41176
7758,-0.03540039,0.9875488,-0.1550293,-1.061069,19.16794,15.9389328.45882
7776,0.1005859,0.9875488,-0.1696777,-0.9389313,-1.580153,19.3511428.41176
7783,0.06884766,0.9614258,-0.1757813,-4.183206,3.648855,26.4427528.45882
7810,0.1577148,0.9384766,-0.1738281,-7.282443,2.229008,33.0305328.50588
7766,0.2316895,0.9724121,-0.1989746,-5.801527,5.183206,24.1908428.45882
7798,0.3271484,0.9445801,-0.140625,-11.74046,-3.290076,19.3969528.45882
7765,0.3193359,0.9460449,-0.08813477,-7.839694,-0.2671756,14.931328.45882
7769,0.3330078,0.9477539,-0.01293945,0.5572519,0.09160305,5.84732828.50588
8164,0.3081055,0.9445801,-0.06054688,4.984733,-0.5954198,-1.64885528.45882
7864,0.2617188,0.9519043,-0.1274414,7.954198,-0.8015267,-4.94656528.36471
7768,0.2373047,0.9614258,-0.1494141,6.022901,0.7862596,-5.69465628.36471
7755,0.2272949,0.9589844,-0.1547852,6.557252,0.7938931,-6.74045828.41176
7771,0.204834,0.9624023,-0.1643066,7.564886,0.9770992,-5.83206128.36471
7768,0.1899414,0.9541016,-0.1774902,3.900763,0.03816794,-5.35877828.41176
7767,0.170166,0.9589844,-0.1894531,0.4580153,0.4351145,-3.66412228.36471
7803,0.1867676,0.9621582,-0.1777344,-1.458015,-0.5801527,-2.1908428.41176
7816,0.1850586,0.9667969,-0.1477051,-2.801527,-0.3587786,-0.854961828.45882
7802,0.1955566,0.9702148,-0.1376953,-1.862595,-0.4656488,0.312977128.45882
7753,0.197998,0.9638672,-0.1296387,-1.709924,-0.01526718,0.946564928.41176
7771,0.217041,0.9631348,-0.1350098,-1.603053,-0.1755725,1.5114528.45882
7761,0.2211914,0.9609375,-0.1413574,-2.236641,-0.3129771,0.938931328.41176
7803,0.2177734,0.9562988,-0.1501465,-2.061069,-0.3053435,0.534351228.50588
8211,0.2075195,0.9672852,-0.1464844,-2.923664,-0.7022901,-0.549618328.41176
7872,0.2141113,0.9689941,-0.1384277,-1.412214,-0.519084,-0.526717628.41176
7787,0.2126465,0.9628906,-0.1328125,-0.6564885,-0.6793893,-0.0305343528.41176
7811,0.2194824,0.9572754,-0.140625,-0.9923664,-0.2900764,0.213740428.45882
7773,0.2192383,0.9628906,-0.1408691,-0.4961832,-0.778626,-0.145038228.41176
7772,0.2141113,0.9604492,-0.144043,-0.4732824,-0.4580153,-0.38931328.36471
7825,0.215332,0.963623,-0.1420898,-1.267176,-0.6641222,-0.267175628.41176
7810,0.2160645,0.9619141,-0.1403809,0.06870229,-0.7709923,-0.694656528.45882
7800,0.2111816,0.9584961,-0.1396484,-0.07633588,0.1374046,-0.145038228.50588
7809,0.2155762,0.9641113,-0.137207,-0.2671756,-0.7251908,-0.427480928.50588
7760,0.2182617,0.9677734,-0.1325684,0.2137404,-0.6717557,-0.435114528.36471
7801,0.2111816,0.951416,-0.1418457,-0.778626,-0.259542,-0.229007628.41176
7814,0.2172852,0.9602051,-0.1472168,-0.2061069,-0.3206107,-0.442748128.45882
7772,0.2133789,0.9641113,-0.1506348,-0.1221374,-0.6183206,-0.458015328.36471
8182,0.206543,0.9628906,-0.1477051,-0.09160305,-0.351145,-0.374045828.41176
7843,0.2124023,0.9643555,-0.1477051,0.04580153,-0.5419847,-0.282442828.41176
7810,0.2111816,0.9516602,-0.1486816,-0.6030535,-0.4427481,0.167938928.45882
7770,0.2114258,0.9672852,-0.1345215,0.09923664,-0.2977099,0.114503828.41176
7765,0.2167969,0.9648438,-0.1574707,-0.870229,-0.2137404,0.190839728.45882
7806,0.2224121,0.965332,-0.1513672,-1.122137,-0.519084,-0.366412228.36471
7847,0.2155762,0.9624023,-0.1430664,-0.8015267,-0.6946565,-0.335877928.41176
7835,0.2072754,0.9572754,-0.1442871,-0.8015267,-0.5038168,-0.274809128.36471
7797,0.2099609,0.9633789,-0.142334,-0.1832061,-0.5343512,-0.160305328.50588
7756,0.2177734,0.9638672,-0.1398926,-0.351145,-0.8931297,-0.0992366428.36471
7807,0.2155762,0.9631348,-0.1477051,-0.519084,-0.7251908,-0.106870228.41176
7801,0.2131348,0.9587402,-0.1525879,-0.8854962,-0.6335878,-0.0458015328.45882
7795,0.2094727,0.9570313,-0.1445313,-1.282443,-0.610687,-0.106870228.45882
8147,0.2060547,0.9641113,-0.1513672,-1.267176,-0.480916,0.0381679428.45882
7840,0.2111816,0.9682617,-0.140625,-0.9236641,-0.5114504,0.267175628.45882
7752,0.9934082,1.006348,-0.04785156,75.41222,250.1298,-38.4274828.31765
7818,1.172363,0.8728027,-0.182373,12.16031,63.79389,-78.6183228.41176
7772,0.2570801,1.035156,-0.6618652,23.70229,84.06107,-74.977128.41176
7794,-0.1835938,1.170898,-0.1408691,30.0,97.13741,-53.9389328.36471
7824,-0.333252,0.8112793,-0.3566895,-10.54198,75.47328,-9.02290128.31765
7801,0.05834961,1.002686,-0.1567383,-7.328244,10.71756,-1.98473328.45882
7798,-0.1123047,0.9909668,-0.2009277,-8.045801,15.32061,14.4351128.50588
7756,0.07568359,1.002197,-0.1533203,-3.007634,1.183206,22.6106928.45882
7822,0.1032715,0.9560547,-0.1113281,-4.870229,1.664122,29.8549628.41176
7772,0.1472168,0.9611816,-0.1049805,-2.030534,2.549618,34.6488528.31765
7789,0.296875,0.9729004,-0.1281738,0.5648855,-4.160306,23.6030528.45882
7799,0.2868652,0.9169922,-0.2331543,-7.267176,0.9770992,21.5877928.45882
8143,0.3225098,0.9423828,-0.1000977,-6.091603,1.70229,15.908428.45882
7882,0.3120117,0.9675293,-0.03051758,3.435115,-0.9465649,1.028.50588
7812,0.3041992,0.9594727,-0.1020508,5.664122,-1.923664,-3.1068728.45882
7795,0.2512207,0.9487305,-0.1594238,4.763359,0.1450382,-4.46564928.45882
7795,0.2426758,0.954834,-0.1499023,4.351145,0.1755725,-5.35877828.41176
7781,0.2209473,0.9672852,-0.1472168,4.755725,0.1755725,-5.97709928.45882
7809,0.2021484,0.970459,-0.1625977,4.114504,0.5648855,-5.04580228.31765
7791,0.2001953,0.9643555,-0.1760254,2.458015,-0.3740458,-3.61832128.36471
7792,0.1960449,0.956543,-0.1928711,-1.114504,0.09160305,-2.50381728.50588
7815,0.1904297,0.9689941,-0.1594238,-2.89313,-0.8473283,-0.755725228.45882
7772,0.1838379,0.96875,-0.1472168,-2.312977,0.6412213,1.05343528.41176
7758,0.2019043,0.9631348,-0.1437988,-2.183206,-0.04580153,1.60305328.45882
7793,0.2243652,0.9609375,-0.1318359,-2.656489,-0.6183206,1.72519128.41176
7791,0.2119141,0.9614258,-0.1462402,-2.068702,-0.4274809,1.38167928.41176
8209,0.2041016,0.9611816,-0.1479492,-2.152672,-0.1603053,-0.534351228.45882
7832,0.2138672,0.9616699,-0.1437988,-1.977099,-1.015267,-0.229007628.36471
7805,0.2106934,0.9663086,-0.1345215,-1.358779,-0.6335878,0.244274828.45882
7811,0.213623,0.9621582,-0.1435547,-1.526718,-0.2137404,0.419847328.41176
7846,0.2270508,0.9553223,-0.145752,-1.48855,-0.7633588,-0.12977128.45882
7785,0.2163086,0.9616699,-0.1499023,-1.290076,-0.4198473,-0.12977128.36471
7781,0.2124023,0.9621582,-0.1428223,-0.6564885,-0.4503817,-0.282442828.50588
7826,0.2172852,0.9616699,-0.1437988,-0.5419847,-0.2213741,-0.12977128.45882
7829,0.2226563,0.9594727,-0.1420898,-0.09160305,-0.6793893,-0.305343528.36471
7793,0.223877,0.9545898,-0.1494141,0.3053435,-0.1908397,-0.549618328.31765
7803,0.4338379,0.9013672,-0.5187988,105.9771,250.1298,-17.091628.41176
7752,0.4819336,0.8974609,-0.4013672,75.48092,250.1298,-31.3435128.31765
7738,1.165283,0.7282715,-0.2548828,6.908397,55.64122,-67.4961928.41176
7788,0.04907227,0.9794922,-0.6347656,2.687023,70.49619,-68.5801528.36471
8155,-0.109375,1.101074,0.119873,8.732824,69.05344,-30.4122128.41176
7844,-0.09765625,1.004639,-0.1281738,1.305344,85.8855,-12.4122128.41176
7784,-0.0949707,0.9018555,-0.1914063,7.51145,53.41221,-0.267175628.36471
7755,0.03491211,1.110352,-0.0715332,1.961832,-5.030534,6.73282428.31765
7786,-0.05859375,0.9318848,-0.2038574,-4.19084,15.63359,21.1984728.50588
7764,0.2080078,0.9772949,-0.1066895,4.61832,-6.167939,23.4427528.36471
7802,0.1330566,0.958252,-0.144043,2.969466,4.145038,28.3206128.41176
7783,0.2814941,0.9523926,-0.2397461,-1.664122,-1.816794,30.1450428.45882
7741,0.3017578,0.9282227,-0.2143555,-12.12214,0.2442748,27.5877928.41176
7801,0.4050293,0.9367676,-0.1062012,-6.061069,-2.40458,15.2671828.45882
7776,0.3674316,0.9482422,-0.08081055,-1.282443,0.740458,6.07633628.36471
7802,0.3742676,0.9475098,-0.07763672,0.6641222,-1.083969,-2.64122128.41176
7805,0.2792969,0.9587402,-0.1184082,2.603053,-0.9465649,-4.58778628.50588
7773,0.2370605,0.9589844,-0.1259766,3.679389,0.5267176,-4.82442828.36471
8161,0.2158203,0.956543,-0.1430664,4.389313,0.6870229,-3.73282428.41176
7823,0.2053223,0.9641113,-0.1687012,4.21374,0.5343512,-2.79389328.50588
7833,0.1989746,0.9604492,-0.1977539,1.633588,-0.0610687,-0.984732828.45882
7788,0.215332,0.9577637,-0.1992188,-1.305344,-0.1984733,-0.122137428.36471
7760,0.2211914,0.9609375,-0.1772461,-3.015267,0.1068702,0.0992366428.36471
7782,0.2275391,0.9624023,-0.1394043,-2.274809,0.129771,0.267175628.41176
7803,0.2260742,0.958252,-0.1296387,-2.564885,-0.2519084,0.862595528.36471
7831,0.2324219,0.954834,-0.1391602,-1.267176,-0.7862596,0.854961828.45882
7780,0.2358398,0.9560547,-0.1335449,-0.610687,-0.4274809,0.335877928.41176
7773,0.2346191,0.9562988,-0.1481934,-1.068702,-0.3816794,-0.229007628.36471
7797,0.2370605,0.9545898,-0.1567383,-1.053435,-0.4580153,-0.564885528.41176
7814,0.2304688,0.9494629,-0.1574707,-1.923664,-0.2748091,-0.404580228.45882
7804,0.2272949,0.9619141,-0.1525879,-1.091603,0.1221374,-0.374045828.41176
7808,0.2229004,0.9550781,-0.1501465,-1.603053,-0.5419847,0.229007628.45882
8185,0.2290039,0.963623,-0.1323242,-1.381679,-0.519084,0.137404628.31765
7821,0.237793,0.9562988,-0.1445313,-0.8778625,-0.8931297,0.221374128.41176
7797,0.2302246,0.9606934,-0.1357422,-0.3816794,-0.2519084,-0.374045828.45882
7824,0.2312012,0.9555664,-0.1435547,-0.1679389,-0.6641222,-0.381679428.36471
7813,0.2297363,0.9553223,-0.1477051,-0.7022901,-0.6183206,-0.335877928.31765
7792,0.2233887,0.9602051,-0.1489258,-0.6564885,-0.3206107,0.114503828.45882
7779,0.2272949,0.9558105,-0.1459961,-0.5114504,-0.5114504,-0.061068728.41176
7810,0.2312012,0.9575195,-0.1391602,-0.3435115,-0.4885496,-0.137404628.36471
7811,0.2353516,0.9580078,-0.1508789,-0.6030535,-0.1908397,-0.282442828.41176
7779,0.2316895,0.958252,-0.1425781,-0.5496183,-0.5419847,-0.244274828.36471
7775,0.2294922,0.9572754,-0.1447754,-0.3129771,-0.5038168,-0.381679428.45882
7787,0.2346191,0.9562988,-0.1408691,-0.07633588,-0.610687,-0.145038228.36471
7797,0.2250977,0.9550781,-0.1464844,0.2290076,-0.4580153,-0.335877928.41176
8189,0.2272949,0.9555664,-0.1530762,-0.2366412,-0.2900764,0.00763358828.45882
7796,0.2268066,0.9628906,-0.1542969,-0.3282443,-0.5038168,0.221374128.36471
7762,0.2299805,0.9597168,-0.1555176,-0.4656488,-0.4045802,0.213740428.50588
7791,0.2363281,0.953125,-0.1506348,-0.7022901,-0.2671756,-0.274809128.50588
7789,0.2304688,0.9606934,-0.1413574,-1.076336,-0.4732824,-0.381679428.50588
7791,0.2329102,0.9619141,-0.1335449,-0.6793893,-0.519084,-0.206106928.45882
7815,0.2258301,0.956543,-0.1477051,-0.6259542,-0.480916,-0.12977128.45882
7798,0.2282715,0.9558105,-0.1450195,-0.8091603,-0.5648855,0.137404628.41176
7782,0.2319336,0.9575195,-0.1484375,-1.045802,-0.3435115,0.160305328.45882
7793,0.5019531,0.833252,-0.5974121,106.084,250.1298,-20.8931328.36471
7806,0.7089844,0.7902832,-0.8952637,39.90076,220.145,-60.3587828.45882
7779,0.1376953,1.050293,-0.2272949,15.35878,69.19084,-63.4427528.41176
7809,-0.006591797,0.7297363,-0.4404297,-32.38931,96.05344,-45.028.45882
7760,-0.04101563,1.109863,0.05761719,10.54962,110.6794,-27.7862628.50588
8142,0.1738281,0.9553223,0.01245117,6.076336,37.21374,-26.6412228.36471
7846,-0.1328125,0.9821777,-0.1420898,-1.0,22.31298,-5.70992428.45882
7810,-0.0637207,1.018555,-0.1003418,3.366412,5.022901,11.9847328.31765
7803,0.08935547,0.9946289,-0.1152344,3.114504,-2.496183,18.7480928.45882
7766,0.1176758,0.9787598,-0.04882813,6.221374,-0.351145,21.8625928.50588
7782,0.1745605,0.9880371,-0.123291,14.91603,-2.633588,24.3969528.45882
7768,0.2424316,0.9421387,-0.2805176,7.061069,0.2442748,25.028.36471
7782,0.2958984,0.973877,-0.2929688,0.1984733,-0.09160305,23.4656528.41176
7780,0.3286133,0.9228516,-0.2346191,-11.00763,1.59542,14.6641228.50588
7842,0.34375,0.9423828,-0.1015625,-9.206107,1.465649,6.028.45882
7770,0.3300781,0.9641113,-0.05297852,-4.312977,-0.8778625,-0.74045828.36471
7791,0.2490234,0.9499512,-0.05029297,0.04580153,-0.4122138,-2.4045828.41176
7769,0.217041,0.9572754,-0.1052246,1.916031,-0.9465649,-1.56488628.41176
7777,0.234375,0.9616699,-0.1330566,3.625954,-1.183206,-1.23664128.45882
8205,0.2443848,0.9584961,-0.1479492,2.503817,-0.8931297,-2.31297728.50588
7798,0.2287598,0.9560547,-0.1796875,0.9389313,0.1832061,-2.86259528.41176
7784,0.2165527,0.9504395,-0.1894531,-1.022901,-0.03053435,-2.29007628.45882
7827,0.2087402,0.9685059,-0.1733398,-3.0,-0.05343511,-0.954198528.31765
7751,0.1948242,0.9577637,-0.161377,-2.480916,0.3664122,0.564885528.45882
7781,0.2041016,0.9616699,-0.1313477,-2.51145,-0.5496183,1.71755728.41176
7795,0.2219238,0.9606934,-0.1384277,-2.374046,-0.3358779,2.17557328.36471
7805,0.2463379,0.9562988,-0.1447754,-1.267176,-0.4122138,1.55725228.41176
7817,0.2507324,0.9504395,-0.1359863,-2.854962,0.06870229,-0.251908428.45882
7775,0.2492676,0.9594727,-0.151123,-1.045802,0.7099237,-1.20610728.31765
7837,0.2346191,0.9755859,-0.1311035,-1.290076,-1.259542,-1.1068728.45882
7789,0.2189941,0.965332,-0.140625,-1.328244,-0.9236641,-0.770992328.41176
7776,0.2045898,0.9584961,-0.1416016,-0.3358779,-0.4122138,-0.297709928.41176
7810,0.2165527,0.9584961,-0.1445313,-0.5648855,-0.5801527,0.335877928.50588
8221,0.232666,0.9572754,-0.157959,-1.549618,-0.5648855,-0.0687022928.36471
7865,0.2370605,0.9626465,-0.1542969,-1.175573,-0.4656488,-0.595419828.41176
7802,0.2250977,0.9606934,-0.1264648,-0.7557252,-0.6564885,-0.48091628.41176
7781,0.2104492,0.9616699,-0.1345215,-0.007633588,-0.5954198,0.213740428.45882
7769,0.2099609,0.9697266,-0.140625,1.541985,-0.3664122,0.732824428.41176
7771,0.2233887,0.9619141,-0.1547852,-0.09923664,-0.3053435,0.64885528.45882
7804,0.2304688,0.9538574,-0.1540527,-0.9236641,-0.2900764,0.160305328.45882
7786,0.2404785,0.956543,-0.1413574,-0.7251908,-0.1984733,-0.335877928.45882
7802,0.2302246,0.9626465,-0.144043,0.2366412,-0.03816794,-0.618320628.36471
7774,0.2329102,0.9592285,-0.1357422,0.1755725,-0.5114504,-0.816793928.41176
7802,0.2236328,0.9711914,-0.1430664,0.7175572,-0.6335878,-0.229007628.36471
7784,0.2246094,0.9655762,-0.1467285,2.183206,-0.5877862,0.206106928.36471
7755,0.2373047,0.9660645,-0.1721191,0.129771,-0.8778625,-0.297709928.41176
7784,0.2351074,0.9609375,-0.1606445,-1.656489,-0.2977099,-0.496183228.45882
8244,0.229248,0.9570313,-0.1430664,-0.7633588,-0.6564885,0.206106928.31765
7825,0.2277832,0.956543,-0.1591797,-0.6717557,-0.5572519,-0.0458015328.41176
7827,0.2285156,0.9606934,-0.1574707,-1.320611,-0.2519084,-0.251908428.55294
7816,0.2319336,0.9619141,-0.1462402,-1.526718,-0.6946565,-0.229007628.36471
7804,0.2277832,0.9641113,-0.1437988,-1.725191,-0.7022901,-0.0839694728.41176
7818,0.2192383,0.9553223,-0.142334,-0.9236641,-0.129771,0.0458015328.36471
7789,0.2302246,0.9584961,-0.1452637,-0.5725191,-0.4427481,0.229007628.50588
7784,0.2333984,0.9553223,-0.1530762,-0.389313,-0.5343512,0.206106928.36471
7783,0.2336426,0.9528809,-0.1525879,-1.221374,-0.6946565,-0.267175628.41176
7800,0.2336426,0.9509277,-0.1420898,-0.9770992,-0.8473283,-0.12977128.45882
7801,0.220459,0.965332,-0.1411133,-0.6564885,-0.07633588,-0.236641228.36471
7789,0.4121094,0.8232422,-0.6555176,89.17558,250.1298,-30.954228.45882
7767,1.01709,0.9458008,-0.3410645,0.6946565,64.41222,-57.9694728.31765
8175,-0.02490234,0.7043457,-0.609375,-31.14504,78.91603,-47.5038228.41176
7850,-0.08837891,1.070068,0.09130859,-1.923664,101.8626,-28.7328228.36471
7759,0.1486816,0.9438477,0.03369141,7.351145,59.62595,-27.1450428.36471
7825,0.046875,0.9382324,-0.1149902,0.3435115,16.92366,-22.2824428.27059
7744,-0.2211914,1.010498,-0.03979492,2.122137,16.16794,14.8778628.36471
7762,0.1020508,0.9914551,-0.1325684,5.19084,-2.763359,16.8320628.55294
7784,0.1152344,0.9836426,-0.07885742,6.694656,0.03053435,20.5267228.41176
7731,0.1643066,0.9724121,-0.09106445,11.53435,-3.442748,23.5725228.36471
7750,0.2165527,0.9567871,-0.1757813,13.45802,-2.877863,25.4656528.45882
7786,0.3017578,0.925293,-0.2805176,2.954198,0.1374046,24.4732828.36471
7778,0.3271484,0.9257813,-0.3181152,-4.557252,0.9923664,17.0381728.41176
7760,0.3217773,0.9592285,-0.1567383,-7.59542,2.244275,10.0381728.41176
16187,0.347168,0.9399414,-0.07714844,-5.717557,-0.007633588,0.541984728.36471
7806,0.2565918,0.956543,-0.07592773,1.435114,-0.4427481,-3.50381728.45882
8136,0.2185059,0.9589844,-0.1181641,3.427481,-0.4885496,-1.52671828.41176
7823,0.229248,0.9572754,-0.1291504,4.305344,-1.251908,-1.65648928.41176
7858,0.232666,0.9523926,-0.1791992,2.091603,-0.9389313,-2.03053428.41176
7765,0.2197266,0.9611816,-0.1989746,0.1145038,0.1450382,-1.96183228.36471
7760,0.2087402,0.9619141,-0.1838379,-3.335878,0.610687,-1.41221428.41176
7812,0.1989746,0.963623,-0.1740723,-4.648855,-0.3129771,0.320610728.36471
7767,0.1970215,0.965332,-0.1491699,-3.496183,0.08396947,1.43511428.36471
7808,0.2199707,0.9619141,-0.1208496,-3.114504,0.0610687,2.23664128.45882
7774,0.2314453,0.9589844,-0.1394043,-2.816794,-0.4503817,1.70992428.36471
7776,0.2370605,0.9580078,-0.1359863,-2.0,-0.1526718,0.641221328.41176
7800,0.2524414,0.9550781,-0.1455078,-2.129771,-0.610687,-0.48091628.36471
7816,0.2363281,0.9641113,-0.1296387,-2.068702,-0.5725191,-0.908396928.45882
7769,0.2307129,0.9545898,-0.1291504,-0.1221374,-0.5114504,-1.06870228.41176
7785,0.2192383,0.9580078,-0.1481934,-0.6870229,-0.7633588,-0.374045828.45882
8152,0.2231445,0.9626465,-0.1518555,-1.832061,-0.740458,-0.114503828.41176
7826,0.2280273,0.9597168,-0.1462402,-0.2824428,-0.5572519,-0.396946628.41176
7812,0.2236328,0.9594727,-0.1386719,-0.08396947,-0.5114504,-0.450381728.31765
7785,0.2302246,0.9558105,-0.151123,-1.167939,-0.4045802,-0.534351228.36471
7794,0.215332,0.9592285,-0.1450195,0.4122138,-0.389313,-0.48091628.50588
7772,0.2224121,0.9550781,-0.145752,-0.4503817,-0.2290076,-0.190839728.31765
7783,0.2209473,0.9589844,-0.1342773,0.2213741,-0.4427481,0.190839728.45882
7772,0.2277832,0.9553223,-0.1391602,0.2061069,-0.4656488,0.167938928.41176
7796,0.2258301,0.9516602,-0.1523438,-0.5038168,-0.5725191,0.0763358828.36471
7770,0.2290039,0.958252,-0.1523438,-0.5572519,-0.2977099,-0.114503828.41176
7833,0.2285156,0.967041,-0.1499023,-0.6183206,-0.5343512,-0.0381679428.36471
7786,0.2255859,0.9624023,-0.1467285,-0.8244275,-0.7022901,0.190839728.41176
7819,0.2275391,0.9543457,-0.1445313,0.007633588,-0.778626,0.221374128.36471
7802,0.2280273,0.9570313,-0.1437988,0.06870229,-0.961832,0.0534351128.41176
8166,0.2150879,0.9543457,-0.1567383,-0.6564885,0.1374046,-0.419847328.36471
